ID_Candidat,Nom,Prénom,Email,Téléphone,Pays,Prochaine_Disponibilité,Niveau_Education,Langues,Compétences,Expériences,Date_Ajout,Dernière_Mise_A_Jour
1,Martin,Paul,paul.martin@mail.com,8337412842,Luxembourg,2026-07-04,Licence,"Allemand (B1), Anglais (B2), Espagnol (A2)","Paul a une solide expertise en affaires réglementaires, avec un niveau Avancé dans ce domaine. Il/elle possède également des compétences Avancé en systèmes de qualité et conformité, ainsi que des compétences Débutant en audits. Paul a une bonne maîtrise des domaines cliniques et post-marché, et dispose de compétences Débutant en ingénierie et en services de représentation.","Paul a travaillé pendant 10 ans dans des entreprises telles que Robert PharmaCorp, où il/elle a dirigé plusieurs projets d'audit pharmaceutique et de conformité. Il/elle a supervisé des équipes internationales et mené à bien des audits dans des environnements réglementaires complexes. Ses missions comprenaient la coordination avec les équipes d'ingénierie et la représentation auprès des autorités de santé dans plusieurs pays.",2024-01-15,2024-09-14
2,Simon,Marc,marc.simon@mail.com,6005117499,Belgique,2024-09-08,Master,"Anglais (B2), Néerlandais (B2)","Marc a une solide expertise en affaires réglementaires, avec un niveau Intermédiaire dans ce domaine. Il/elle possède également des compétences Débutant en systèmes de qualité et conformité, ainsi que des compétences Intermédiaire en audits. Marc a une bonne maîtrise des domaines cliniques et post-marché, et dispose de compétences Avancé en ingénierie et en services de représentation.","Marc a travaillé pendant 4 ans dans des entreprises telles que Robert PharmaCorp, où il/elle a dirigé plusieurs projets d'audit pharmaceutique et de conformité. Il/elle a supervisé des équipes internationales et mené à bien des audits dans des environnements réglementaires complexes. Ses missions comprenaient la coordination avec les équipes d'ingénierie et la représentation auprès des autorités de santé dans plusieurs pays.",2024-01-14,2024-04-25
3,Robert,Paul,paul.robert@mail.com,9933043590,Belgique,2026-12-22,Doctorat,"Anglais (B2), Français (C1), Néerlandais (B2)","Paul a une solide expertise en affaires réglementaires, avec un niveau Intermédiaire dans ce domaine. Il/elle possède également des compétences Intermédiaire en systèmes de qualité et conformité, ainsi que des compétences Débutant en audits. Paul a une bonne maîtrise des domaines cliniques et post-marché, et dispose de compétences Débutant en ingénierie et en services de représentation.","Paul a travaillé pendant 9 ans dans des entreprises telles que Robert PharmaCorp, où il/elle a dirigé plusieurs projets d'audit pharmaceutique et de conformité. Il/elle a supervisé des équipes internationales et mené à bien des audits dans des environnements réglementaires complexes. Ses missions comprenaient la coordination avec les équipes d'ingénierie et la représentation auprès des autorités de santé dans plusieurs pays.",2024-09-10,2024-01-22
4,Simon,Marie,marie.simon@mail.com,7613614705,France,2025-09-23,Doctorat,"Espagnol (A2), Allemand (B1)","Marie a une solide expertise en affaires réglementaires, avec un niveau Débutant dans ce domaine. Il/elle possède également des compétences Débutant en systèmes de qualité et conformité, ainsi que des compétences Avancé en audits. Marie a une bonne maîtrise des domaines cliniques et post-marché, et dispose de compétences Intermédiaire en ingénierie et en services de représentation.","Marie a travaillé pendant 1 ans dans des entreprises telles que Richard PharmaCorp, où il/elle a dirigé plusieurs projets d'audit pharmaceutique et de conformité. Il/elle a supervisé des équipes internationales et mené à bien des audits dans des environnements réglementaires complexes. Ses missions comprenaient la coordination avec les équipes d'ingénierie et la représentation auprès des autorités de santé dans plusieurs pays.",2024-10-10,2024-10-24
5,Martin,Jacques,jacques.martin@mail.com,9007729287,Canada,2024-06-11,Master,Allemand (B1),"Jacques a une solide expertise en affaires réglementaires, avec un niveau Intermédiaire dans ce domaine. Il/elle possède également des compétences Débutant en systèmes de qualité et conformité, ainsi que des compétences Débutant en audits. Jacques a une bonne maîtrise des domaines cliniques et post-marché, et dispose de compétences Intermédiaire en ingénierie et en services de représentation.","Jacques a travaillé pendant 4 ans dans des entreprises telles que Robert PharmaCorp, où il/elle a dirigé plusieurs projets d'audit pharmaceutique et de conformité. Il/elle a supervisé des équipes internationales et mené à bien des audits dans des environnements réglementaires complexes. Ses missions comprenaient la coordination avec les équipes d'ingénierie et la représentation auprès des autorités de santé dans plusieurs pays.",2024-05-21,2024-04-04
6,Petit,Lucie,lucie.petit@mail.com,2464820344,France,2025-04-20,Master,"Français (C1), Néerlandais (B2)","Lucie a une solide expertise en affaires réglementaires, avec un niveau Débutant dans ce domaine. Il/elle possède également des compétences Débutant en systèmes de qualité et conformité, ainsi que des compétences Intermédiaire en audits. Lucie a une bonne maîtrise des domaines cliniques et post-marché, et dispose de compétences Débutant en ingénierie et en services de représentation.","Lucie a travaillé pendant 1 ans dans des entreprises telles que Durand PharmaCorp, où il/elle a dirigé plusieurs projets d'audit pharmaceutique et de conformité. Il/elle a supervisé des équipes internationales et mené à bien des audits dans des environnements réglementaires complexes. Ses missions comprenaient la coordination avec les équipes d'ingénierie et la représentation auprès des autorités de santé dans plusieurs pays.",2024-01-07,2024-10-24
7,Moreau,Louise,louise.moreau@mail.com,8557783162,Luxembourg,2026-05-04,Master,"Espagnol (A2), Français (C1), Allemand (B1)","Louise a une solide expertise en affaires réglementaires, avec un niveau Intermédiaire dans ce domaine. Il/elle possède également des compétences Intermédiaire en systèmes de qualité et conformité, ainsi que des compétences Avancé en audits. Louise a une bonne maîtrise des domaines cliniques et post-marché, et dispose de compétences Débutant en ingénierie et en services de représentation.","Louise a travaillé pendant 2 ans dans des entreprises telles que Simon PharmaCorp, où il/elle a dirigé plusieurs projets d'audit pharmaceutique et de conformité. Il/elle a supervisé des équipes internationales et mené à bien des audits dans des environnements réglementaires complexes. Ses missions comprenaient la coordination avec les équipes d'ingénierie et la représentation auprès des autorités de santé dans plusieurs pays.",2024-02-02,2024-03-17
8,Robert,Pierre,pierre.robert@mail.com,4453543710,Canada,2024-10-05,Licence,"Néerlandais (B2), Anglais (B2)","Pierre a une solide expertise en affaires réglementaires, avec un niveau Intermédiaire dans ce domaine. Il/elle possède également des compétences Débutant en systèmes de qualité et conformité, ainsi que des compétences Débutant en audits. Pierre a une bonne maîtrise des domaines cliniques et post-marché, et dispose de compétences Intermédiaire en ingénierie et en services de représentation.","Pierre a travaillé pendant 8 ans dans des entreprises telles que Richard PharmaCorp, où il/elle a dirigé plusieurs projets d'audit pharmaceutique et de conformité. Il/elle a supervisé des équipes internationales et mené à bien des audits dans des environnements réglementaires complexes. Ses missions comprenaient la coordination avec les équipes d'ingénierie et la représentation auprès des autorités de santé dans plusieurs pays.",2024-05-21,2024-02-07
9,Martin,Louise,louise.martin@mail.com,2524199474,Canada,2024-10-03,Licence,"Néerlandais (B2), Allemand (B1)","Louise a une solide expertise en affaires réglementaires, avec un niveau Avancé dans ce domaine. Il/elle possède également des compétences Intermédiaire en systèmes de qualité et conformité, ainsi que des compétences Débutant en audits. Louise a une bonne maîtrise des domaines cliniques et post-marché, et dispose de compétences Intermédiaire en ingénierie et en services de représentation.","Louise a travaillé pendant 5 ans dans des entreprises telles que Petit PharmaCorp, où il/elle a dirigé plusieurs projets d'audit pharmaceutique et de conformité. Il/elle a supervisé des équipes internationales et mené à bien des audits dans des environnements réglementaires complexes. Ses missions comprenaient la coordination avec les équipes d'ingénierie et la représentation auprès des autorités de santé dans plusieurs pays.",2024-06-15,2024-08-18
10,Bernard,Jean,jean.bernard@mail.com,7170566712,Canada,2024-03-01,Master,"Espagnol (A2), Néerlandais (B2), Anglais (B2)","Jean a une solide expertise en affaires réglementaires, avec un niveau Avancé dans ce domaine. Il/elle possède également des compétences Avancé en systèmes de qualité et conformité, ainsi que des compétences Débutant en audits. Jean a une bonne maîtrise des domaines cliniques et post-marché, et dispose de compétences Débutant en ingénierie et en services de représentation.","Jean a travaillé pendant 9 ans dans des entreprises telles que Moreau PharmaCorp, où il/elle a dirigé plusieurs projets d'audit pharmaceutique et de conformité. Il/elle a supervisé des équipes internationales et mené à bien des audits dans des environnements réglementaires complexes. Ses missions comprenaient la coordination avec les équipes d'ingénierie et la représentation auprès des autorités de santé dans plusieurs pays.",2024-10-13,2024-09-10
11,Dupont,Paul,paul.dupont@mail.com,7900738006,Luxembourg,2025-11-20,Master,Espagnol (A2),"Paul a une solide expertise en affaires réglementaires, avec un niveau Intermédiaire dans ce domaine. Il/elle possède également des compétences Avancé en systèmes de qualité et conformité, ainsi que des compétences Avancé en audits. Paul a une bonne maîtrise des domaines cliniques et post-marché, et dispose de compétences Intermédiaire en ingénierie et en services de représentation.","Paul a travaillé pendant 4 ans dans des entreprises telles que Bernard PharmaCorp, où il/elle a dirigé plusieurs projets d'audit pharmaceutique et de conformité. Il/elle a supervisé des équipes internationales et mené à bien des audits dans des environnements réglementaires complexes. Ses missions comprenaient la coordination avec les équipes d'ingénierie et la représentation auprès des autorités de santé dans plusieurs pays.",2024-01-26,2024-06-25
12,Petit,Sophie,sophie.petit@mail.com,2066208396,Canada,2026-02-14,Master,"Anglais (B2), Allemand (B1)","Sophie a une solide expertise en affaires réglementaires, avec un niveau Débutant dans ce domaine. Il/elle possède également des compétences Avancé en systèmes de qualité et conformité, ainsi que des compétences Intermédiaire en audits. Sophie a une bonne maîtrise des domaines cliniques et post-marché, et dispose de compétences Débutant en ingénierie et en services de représentation.","Sophie a travaillé pendant 4 ans dans des entreprises telles que Dupont PharmaCorp, où il/elle a dirigé plusieurs projets d'audit pharmaceutique et de conformité. Il/elle a supervisé des équipes internationales et mené à bien des audits dans des environnements réglementaires complexes. Ses missions comprenaient la coordination avec les équipes d'ingénierie et la représentation auprès des autorités de santé dans plusieurs pays.",2024-07-02,2024-01-11
13,Durand,Julie,julie.durand@mail.com,8676291169,Suisse,2026-11-26,Master,"Néerlandais (B2), Espagnol (A2)","Julie a une solide expertise en affaires réglementaires, avec un niveau Débutant dans ce domaine. Il/elle possède également des compétences Intermédiaire en systèmes de qualité et conformité, ainsi que des compétences Intermédiaire en audits. Julie a une bonne maîtrise des domaines cliniques et post-marché, et dispose de compétences Intermédiaire en ingénierie et en services de représentation.","Julie a travaillé pendant 3 ans dans des entreprises telles que Leroy PharmaCorp, où il/elle a dirigé plusieurs projets d'audit pharmaceutique et de conformité. Il/elle a supervisé des équipes internationales et mené à bien des audits dans des environnements réglementaires complexes. Ses missions comprenaient la coordination avec les équipes d'ingénierie et la représentation auprès des autorités de santé dans plusieurs pays.",2024-05-04,2024-05-02
14,Moreau,Marc,marc.moreau@mail.com,1606081007,Belgique,2024-01-18,Doctorat,"Anglais (B2), Néerlandais (B2)","Marc a une solide expertise en affaires réglementaires, avec un niveau Intermédiaire dans ce domaine. Il/elle possède également des compétences Débutant en systèmes de qualité et conformité, ainsi que des compétences Intermédiaire en audits. Marc a une bonne maîtrise des domaines cliniques et post-marché, et dispose de compétences Débutant en ingénierie et en services de représentation.","Marc a travaillé pendant 5 ans dans des entreprises telles que Robert PharmaCorp, où il/elle a dirigé plusieurs projets d'audit pharmaceutique et de conformité. Il/elle a supervisé des équipes internationales et mené à bien des audits dans des environnements réglementaires complexes. Ses missions comprenaient la coordination avec les équipes d'ingénierie et la représentation auprès des autorités de santé dans plusieurs pays.",2024-06-10,2024-04-25
15,Robert,Pierre,pierre.robert@mail.com,3582041697,Suisse,2025-06-05,Doctorat,"Allemand (B1), Français (C1)","Pierre a une solide expertise en affaires réglementaires, avec un niveau Intermédiaire dans ce domaine. Il/elle possède également des compétences Débutant en systèmes de qualité et conformité, ainsi que des compétences Avancé en audits. Pierre a une bonne maîtrise des domaines cliniques et post-marché, et dispose de compétences Avancé en ingénierie et en services de représentation.","Pierre a travaillé pendant 3 ans dans des entreprises telles que Richard PharmaCorp, où il/elle a dirigé plusieurs projets d'audit pharmaceutique et de conformité. Il/elle a supervisé des équipes internationales et mené à bien des audits dans des environnements réglementaires complexes. Ses missions comprenaient la coordination avec les équipes d'ingénierie et la représentation auprès des autorités de santé dans plusieurs pays.",2024-04-23,2024-04-12
16,Simon,Paul,paul.simon@mail.com,6703759037,Suisse,2026-07-09,Master,"Néerlandais (B2), Français (C1)","Paul a une solide expertise en affaires réglementaires, avec un niveau Débutant dans ce domaine. Il/elle possède également des compétences Débutant en systèmes de qualité et conformité, ainsi que des compétences Intermédiaire en audits. Paul a une bonne maîtrise des domaines cliniques et post-marché, et dispose de compétences Débutant en ingénierie et en services de représentation.","Paul a travaillé pendant 2 ans dans des entreprises telles que Leroy PharmaCorp, où il/elle a dirigé plusieurs projets d'audit pharmaceutique et de conformité. Il/elle a supervisé des équipes internationales et mené à bien des audits dans des environnements réglementaires complexes. Ses missions comprenaient la coordination avec les équipes d'ingénierie et la représentation auprès des autorités de santé dans plusieurs pays.",2024-07-15,2024-06-01
17,Dupont,Pierre,pierre.dupont@mail.com,5603309405,Suisse,2025-04-20,Doctorat,"Anglais (B2), Espagnol (A2), Français (C1)","Pierre a une solide expertise en affaires réglementaires, avec un niveau Avancé dans ce domaine. Il/elle possède également des compétences Avancé en systèmes de qualité et conformité, ainsi que des compétences Avancé en audits. Pierre a une bonne maîtrise des domaines cliniques et post-marché, et dispose de compétences Intermédiaire en ingénierie et en services de représentation.","Pierre a travaillé pendant 3 ans dans des entreprises telles que Bernard PharmaCorp, où il/elle a dirigé plusieurs projets d'audit pharmaceutique et de conformité. Il/elle a supervisé des équipes internationales et mené à bien des audits dans des environnements réglementaires complexes. Ses missions comprenaient la coordination avec les équipes d'ingénierie et la représentation auprès des autorités de santé dans plusieurs pays.",2024-03-14,2024-07-27
18,Leroy,Julie,julie.leroy@mail.com,3749266446,Luxembourg,2025-06-19,Doctorat,"Français (C1), Espagnol (A2)","Julie a une solide expertise en affaires réglementaires, avec un niveau Intermédiaire dans ce domaine. Il/elle possède également des compétences Débutant en systèmes de qualité et conformité, ainsi que des compétences Intermédiaire en audits. Julie a une bonne maîtrise des domaines cliniques et post-marché, et dispose de compétences Avancé en ingénierie et en services de représentation.","Julie a travaillé pendant 9 ans dans des entreprises telles que Durand PharmaCorp, où il/elle a dirigé plusieurs projets d'audit pharmaceutique et de conformité. Il/elle a supervisé des équipes internationales et mené à bien des audits dans des environnements réglementaires complexes. Ses missions comprenaient la coordination avec les équipes d'ingénierie et la représentation auprès des autorités de santé dans plusieurs pays.",2024-09-13,2024-07-12
19,Martin,Pierre,pierre.martin@mail.com,6316841734,Belgique,2026-02-24,Doctorat,"Néerlandais (B2), Allemand (B1), Anglais (B2)","Pierre a une solide expertise en affaires réglementaires, avec un niveau Avancé dans ce domaine. Il/elle possède également des compétences Intermédiaire en systèmes de qualité et conformité, ainsi que des compétences Avancé en audits. Pierre a une bonne maîtrise des domaines cliniques et post-marché, et dispose de compétences Avancé en ingénierie et en services de représentation.","Pierre a travaillé pendant 9 ans dans des entreprises telles que Leroy PharmaCorp, où il/elle a dirigé plusieurs projets d'audit pharmaceutique et de conformité. Il/elle a supervisé des équipes internationales et mené à bien des audits dans des environnements réglementaires complexes. Ses missions comprenaient la coordination avec les équipes d'ingénierie et la représentation auprès des autorités de santé dans plusieurs pays.",2024-06-10,2024-08-01
20,Leroy,Pierre,pierre.leroy@mail.com,5862100761,France,2025-06-17,Licence,"Espagnol (A2), Anglais (B2)","Pierre a une solide expertise en affaires réglementaires, avec un niveau Débutant dans ce domaine. Il/elle possède également des compétences Intermédiaire en systèmes de qualité et conformité, ainsi que des compétences Débutant en audits. Pierre a une bonne maîtrise des domaines cliniques et post-marché, et dispose de compétences Débutant en ingénierie et en services de représentation.","Pierre a travaillé pendant 9 ans dans des entreprises telles que Leroy PharmaCorp, où il/elle a dirigé plusieurs projets d'audit pharmaceutique et de conformité. Il/elle a supervisé des équipes internationales et mené à bien des audits dans des environnements réglementaires complexes. Ses missions comprenaient la coordination avec les équipes d'ingénierie et la représentation auprès des autorités de santé dans plusieurs pays.",2024-06-05,2024-08-14
21,Martin,Julie,julie.martin@mail.com,6524766255,Suisse,2026-06-25,Doctorat,Allemand (B1),"Julie a une solide expertise en affaires réglementaires, avec un niveau Intermédiaire dans ce domaine. Il/elle possède également des compétences Débutant en systèmes de qualité et conformité, ainsi que des compétences Intermédiaire en audits. Julie a une bonne maîtrise des domaines cliniques et post-marché, et dispose de compétences Intermédiaire en ingénierie et en services de représentation.","Julie a travaillé pendant 7 ans dans des entreprises telles que Dupont PharmaCorp, où il/elle a dirigé plusieurs projets d'audit pharmaceutique et de conformité. Il/elle a supervisé des équipes internationales et mené à bien des audits dans des environnements réglementaires complexes. Ses missions comprenaient la coordination avec les équipes d'ingénierie et la représentation auprès des autorités de santé dans plusieurs pays.",2024-03-13,2024-07-09
22,Robert,Lucie,lucie.robert@mail.com,2090634610,Luxembourg,2026-02-12,Doctorat,Anglais (B2),"Lucie a une solide expertise en affaires réglementaires, avec un niveau Débutant dans ce domaine. Il/elle possède également des compétences Intermédiaire en systèmes de qualité et conformité, ainsi que des compétences Intermédiaire en audits. Lucie a une bonne maîtrise des domaines cliniques et post-marché, et dispose de compétences Débutant en ingénierie et en services de représentation.","Lucie a travaillé pendant 3 ans dans des entreprises telles que Robert PharmaCorp, où il/elle a dirigé plusieurs projets d'audit pharmaceutique et de conformité. Il/elle a supervisé des équipes internationales et mené à bien des audits dans des environnements réglementaires complexes. Ses missions comprenaient la coordination avec les équipes d'ingénierie et la représentation auprès des autorités de santé dans plusieurs pays.",2024-05-01,2024-03-12
23,Dupont,Lucie,lucie.dupont@mail.com,5293995203,Belgique,2025-07-26,Doctorat,"Allemand (B1), Français (C1), Néerlandais (B2)","Lucie a une solide expertise en affaires réglementaires, avec un niveau Avancé dans ce domaine. Il/elle possède également des compétences Intermédiaire en systèmes de qualité et conformité, ainsi que des compétences Intermédiaire en audits. Lucie a une bonne maîtrise des domaines cliniques et post-marché, et dispose de compétences Intermédiaire en ingénierie et en services de représentation.","Lucie a travaillé pendant 5 ans dans des entreprises telles que Leroy PharmaCorp, où il/elle a dirigé plusieurs projets d'audit pharmaceutique et de conformité. Il/elle a supervisé des équipes internationales et mené à bien des audits dans des environnements réglementaires complexes. Ses missions comprenaient la coordination avec les équipes d'ingénierie et la représentation auprès des autorités de santé dans plusieurs pays.",2024-01-06,2024-10-02
24,Leroy,Sophie,sophie.leroy@mail.com,8167258443,France,2025-07-14,Master,"Anglais (B2), Allemand (B1), Espagnol (A2)","Sophie a une solide expertise en affaires réglementaires, avec un niveau Avancé dans ce domaine. Il/elle possède également des compétences Débutant en systèmes de qualité et conformité, ainsi que des compétences Débutant en audits. Sophie a une bonne maîtrise des domaines cliniques et post-marché, et dispose de compétences Débutant en ingénierie et en services de représentation.","Sophie a travaillé pendant 9 ans dans des entreprises telles que Robert PharmaCorp, où il/elle a dirigé plusieurs projets d'audit pharmaceutique et de conformité. Il/elle a supervisé des équipes internationales et mené à bien des audits dans des environnements réglementaires complexes. Ses missions comprenaient la coordination avec les équipes d'ingénierie et la représentation auprès des autorités de santé dans plusieurs pays.",2024-05-09,2024-10-24
25,Robert,Pierre,pierre.robert@mail.com,2433128430,Belgique,2026-10-12,Doctorat,"Anglais (B2), Espagnol (A2)","Pierre a une solide expertise en affaires réglementaires, avec un niveau Débutant dans ce domaine. Il/elle possède également des compétences Débutant en systèmes de qualité et conformité, ainsi que des compétences Débutant en audits. Pierre a une bonne maîtrise des domaines cliniques et post-marché, et dispose de compétences Intermédiaire en ingénierie et en services de représentation.","Pierre a travaillé pendant 4 ans dans des entreprises telles que Richard PharmaCorp, où il/elle a dirigé plusieurs projets d'audit pharmaceutique et de conformité. Il/elle a supervisé des équipes internationales et mené à bien des audits dans des environnements réglementaires complexes. Ses missions comprenaient la coordination avec les équipes d'ingénierie et la représentation auprès des autorités de santé dans plusieurs pays.",2024-06-14,2024-10-03
26,Durand,Sophie,sophie.durand@mail.com,8591654560,Belgique,2024-01-05,Licence,"Français (C1), Allemand (B1), Espagnol (A2)","Sophie a une solide expertise en affaires réglementaires, avec un niveau Avancé dans ce domaine. Il/elle possède également des compétences Débutant en systèmes de qualité et conformité, ainsi que des compétences Intermédiaire en audits. Sophie a une bonne maîtrise des domaines cliniques et post-marché, et dispose de compétences Avancé en ingénierie et en services de représentation.","Sophie a travaillé pendant 2 ans dans des entreprises telles que Leroy PharmaCorp, où il/elle a dirigé plusieurs projets d'audit pharmaceutique et de conformité. Il/elle a supervisé des équipes internationales et mené à bien des audits dans des environnements réglementaires complexes. Ses missions comprenaient la coordination avec les équipes d'ingénierie et la représentation auprès des autorités de santé dans plusieurs pays.",2024-03-17,2024-10-19
27,Petit,Paul,paul.petit@mail.com,1656497902,Suisse,2026-05-07,Doctorat,"Allemand (B1), Anglais (B2), Néerlandais (B2)","Paul a une solide expertise en affaires réglementaires, avec un niveau Avancé dans ce domaine. Il/elle possède également des compétences Avancé en systèmes de qualité et conformité, ainsi que des compétences Intermédiaire en audits. Paul a une bonne maîtrise des domaines cliniques et post-marché, et dispose de compétences Avancé en ingénierie et en services de représentation.","Paul a travaillé pendant 8 ans dans des entreprises telles que Bernard PharmaCorp, où il/elle a dirigé plusieurs projets d'audit pharmaceutique et de conformité. Il/elle a supervisé des équipes internationales et mené à bien des audits dans des environnements réglementaires complexes. Ses missions comprenaient la coordination avec les équipes d'ingénierie et la représentation auprès des autorités de santé dans plusieurs pays.",2024-09-10,2024-05-07
28,Richard,Julie,julie.richard@mail.com,1439384539,Belgique,2025-05-02,Licence,"Anglais (B2), Français (C1), Néerlandais (B2)","Julie a une solide expertise en affaires réglementaires, avec un niveau Avancé dans ce domaine. Il/elle possède également des compétences Intermédiaire en systèmes de qualité et conformité, ainsi que des compétences Avancé en audits. Julie a une bonne maîtrise des domaines cliniques et post-marché, et dispose de compétences Débutant en ingénierie et en services de représentation.","Julie a travaillé pendant 10 ans dans des entreprises telles que Leroy PharmaCorp, où il/elle a dirigé plusieurs projets d'audit pharmaceutique et de conformité. Il/elle a supervisé des équipes internationales et mené à bien des audits dans des environnements réglementaires complexes. Ses missions comprenaient la coordination avec les équipes d'ingénierie et la représentation auprès des autorités de santé dans plusieurs pays.",2024-04-07,2024-05-12
29,Richard,Pierre,pierre.richard@mail.com,7801134509,Belgique,2026-11-19,Doctorat,"Espagnol (A2), Néerlandais (B2), Allemand (B1)","Pierre a une solide expertise en affaires réglementaires, avec un niveau Avancé dans ce domaine. Il/elle possède également des compétences Avancé en systèmes de qualité et conformité, ainsi que des compétences Intermédiaire en audits. Pierre a une bonne maîtrise des domaines cliniques et post-marché, et dispose de compétences Intermédiaire en ingénierie et en services de représentation.","Pierre a travaillé pendant 5 ans dans des entreprises telles que Durand PharmaCorp, où il/elle a dirigé plusieurs projets d'audit pharmaceutique et de conformité. Il/elle a supervisé des équipes internationales et mené à bien des audits dans des environnements réglementaires complexes. Ses missions comprenaient la coordination avec les équipes d'ingénierie et la représentation auprès des autorités de santé dans plusieurs pays.",2024-10-10,2024-07-14
30,Moreau,Louise,louise.moreau@mail.com,4116376762,Luxembourg,2024-12-10,Doctorat,"Espagnol (A2), Français (C1)","Louise a une solide expertise en affaires réglementaires, avec un niveau Avancé dans ce domaine. Il/elle possède également des compétences Intermédiaire en systèmes de qualité et conformité, ainsi que des compétences Avancé en audits. Louise a une bonne maîtrise des domaines cliniques et post-marché, et dispose de compétences Intermédiaire en ingénierie et en services de représentation.","Louise a travaillé pendant 5 ans dans des entreprises telles que Petit PharmaCorp, où il/elle a dirigé plusieurs projets d'audit pharmaceutique et de conformité. Il/elle a supervisé des équipes internationales et mené à bien des audits dans des environnements réglementaires complexes. Ses missions comprenaient la coordination avec les équipes d'ingénierie et la représentation auprès des autorités de santé dans plusieurs pays.",2024-08-14,2024-09-19
31,Moreau,Paul,paul.moreau@mail.com,6960772959,Luxembourg,2025-03-03,Licence,"Néerlandais (B2), Espagnol (A2), Anglais (B2)","Paul a une solide expertise en affaires réglementaires, avec un niveau Débutant dans ce domaine. Il/elle possède également des compétences Avancé en systèmes de qualité et conformité, ainsi que des compétences Avancé en audits. Paul a une bonne maîtrise des domaines cliniques et post-marché, et dispose de compétences Intermédiaire en ingénierie et en services de représentation.","Paul a travaillé pendant 6 ans dans des entreprises telles que Simon PharmaCorp, où il/elle a dirigé plusieurs projets d'audit pharmaceutique et de conformité. Il/elle a supervisé des équipes internationales et mené à bien des audits dans des environnements réglementaires complexes. Ses missions comprenaient la coordination avec les équipes d'ingénierie et la représentation auprès des autorités de santé dans plusieurs pays.",2024-09-07,2024-10-24
32,Robert,Julie,julie.robert@mail.com,1902953604,Belgique,2026-06-15,Doctorat,"Français (C1), Néerlandais (B2)","Julie a une solide expertise en affaires réglementaires, avec un niveau Débutant dans ce domaine. Il/elle possède également des compétences Avancé en systèmes de qualité et conformité, ainsi que des compétences Intermédiaire en audits. Julie a une bonne maîtrise des domaines cliniques et post-marché, et dispose de compétences Intermédiaire en ingénierie et en services de représentation.","Julie a travaillé pendant 9 ans dans des entreprises telles que Martin PharmaCorp, où il/elle a dirigé plusieurs projets d'audit pharmaceutique et de conformité. Il/elle a supervisé des équipes internationales et mené à bien des audits dans des environnements réglementaires complexes. Ses missions comprenaient la coordination avec les équipes d'ingénierie et la représentation auprès des autorités de santé dans plusieurs pays.",2024-09-20,2024-07-05
33,Martin,Marc,marc.martin@mail.com,4140647536,Canada,2024-04-11,Licence,Espagnol (A2),"Marc a une solide expertise en affaires réglementaires, avec un niveau Débutant dans ce domaine. Il/elle possède également des compétences Débutant en systèmes de qualité et conformité, ainsi que des compétences Intermédiaire en audits. Marc a une bonne maîtrise des domaines cliniques et post-marché, et dispose de compétences Avancé en ingénierie et en services de représentation.","Marc a travaillé pendant 7 ans dans des entreprises telles que Simon PharmaCorp, où il/elle a dirigé plusieurs projets d'audit pharmaceutique et de conformité. Il/elle a supervisé des équipes internationales et mené à bien des audits dans des environnements réglementaires complexes. Ses missions comprenaient la coordination avec les équipes d'ingénierie et la représentation auprès des autorités de santé dans plusieurs pays.",2024-02-18,2024-03-04
34,Robert,Louise,louise.robert@mail.com,3378962480,Suisse,2025-06-15,Licence,Anglais (B2),"Louise a une solide expertise en affaires réglementaires, avec un niveau Débutant dans ce domaine. Il/elle possède également des compétences Avancé en systèmes de qualité et conformité, ainsi que des compétences Avancé en audits. Louise a une bonne maîtrise des domaines cliniques et post-marché, et dispose de compétences Débutant en ingénierie et en services de représentation.","Louise a travaillé pendant 9 ans dans des entreprises telles que Robert PharmaCorp, où il/elle a dirigé plusieurs projets d'audit pharmaceutique et de conformité. Il/elle a supervisé des équipes internationales et mené à bien des audits dans des environnements réglementaires complexes. Ses missions comprenaient la coordination avec les équipes d'ingénierie et la représentation auprès des autorités de santé dans plusieurs pays.",2024-09-17,2024-09-20
35,Moreau,Pierre,pierre.moreau@mail.com,8954702046,Belgique,2025-07-06,Master,"Allemand (B1), Espagnol (A2)","Pierre a une solide expertise en affaires réglementaires, avec un niveau Intermédiaire dans ce domaine. Il/elle possède également des compétences Intermédiaire en systèmes de qualité et conformité, ainsi que des compétences Intermédiaire en audits. Pierre a une bonne maîtrise des domaines cliniques et post-marché, et dispose de compétences Avancé en ingénierie et en services de représentation.","Pierre a travaillé pendant 5 ans dans des entreprises telles que Dupont PharmaCorp, où il/elle a dirigé plusieurs projets d'audit pharmaceutique et de conformité. Il/elle a supervisé des équipes internationales et mené à bien des audits dans des environnements réglementaires complexes. Ses missions comprenaient la coordination avec les équipes d'ingénierie et la représentation auprès des autorités de santé dans plusieurs pays.",2024-07-27,2024-09-14
36,Bernard,Louise,louise.bernard@mail.com,7592840969,France,2026-11-11,Master,Néerlandais (B2),"Louise a une solide expertise en affaires réglementaires, avec un niveau Intermédiaire dans ce domaine. Il/elle possède également des compétences Intermédiaire en systèmes de qualité et conformité, ainsi que des compétences Avancé en audits. Louise a une bonne maîtrise des domaines cliniques et post-marché, et dispose de compétences Avancé en ingénierie et en services de représentation.","Louise a travaillé pendant 3 ans dans des entreprises telles que Leroy PharmaCorp, où il/elle a dirigé plusieurs projets d'audit pharmaceutique et de conformité. Il/elle a supervisé des équipes internationales et mené à bien des audits dans des environnements réglementaires complexes. Ses missions comprenaient la coordination avec les équipes d'ingénierie et la représentation auprès des autorités de santé dans plusieurs pays.",2024-08-02,2024-08-28
37,Bernard,Marie,marie.bernard@mail.com,8348271746,Luxembourg,2026-05-28,Doctorat,"Allemand (B1), Néerlandais (B2), Anglais (B2)","Marie a une solide expertise en affaires réglementaires, avec un niveau Avancé dans ce domaine. Il/elle possède également des compétences Avancé en systèmes de qualité et conformité, ainsi que des compétences Intermédiaire en audits. Marie a une bonne maîtrise des domaines cliniques et post-marché, et dispose de compétences Débutant en ingénierie et en services de représentation.","Marie a travaillé pendant 4 ans dans des entreprises telles que Richard PharmaCorp, où il/elle a dirigé plusieurs projets d'audit pharmaceutique et de conformité. Il/elle a supervisé des équipes internationales et mené à bien des audits dans des environnements réglementaires complexes. Ses missions comprenaient la coordination avec les équipes d'ingénierie et la représentation auprès des autorités de santé dans plusieurs pays.",2024-07-21,2024-07-28
38,Robert,Marie,marie.robert@mail.com,2464537252,Luxembourg,2026-11-16,Licence,"Anglais (B2), Néerlandais (B2)","Marie a une solide expertise en affaires réglementaires, avec un niveau Intermédiaire dans ce domaine. Il/elle possède également des compétences Débutant en systèmes de qualité et conformité, ainsi que des compétences Débutant en audits. Marie a une bonne maîtrise des domaines cliniques et post-marché, et dispose de compétences Avancé en ingénierie et en services de représentation.","Marie a travaillé pendant 10 ans dans des entreprises telles que Durand PharmaCorp, où il/elle a dirigé plusieurs projets d'audit pharmaceutique et de conformité. Il/elle a supervisé des équipes internationales et mené à bien des audits dans des environnements réglementaires complexes. Ses missions comprenaient la coordination avec les équipes d'ingénierie et la représentation auprès des autorités de santé dans plusieurs pays.",2024-04-21,2024-08-25
39,Richard,Julie,julie.richard@mail.com,8134483958,Belgique,2024-05-07,Master,"Français (C1), Espagnol (A2)","Julie a une solide expertise en affaires réglementaires, avec un niveau Avancé dans ce domaine. Il/elle possède également des compétences Avancé en systèmes de qualité et conformité, ainsi que des compétences Intermédiaire en audits. Julie a une bonne maîtrise des domaines cliniques et post-marché, et dispose de compétences Intermédiaire en ingénierie et en services de représentation.","Julie a travaillé pendant 5 ans dans des entreprises telles que Dupont PharmaCorp, où il/elle a dirigé plusieurs projets d'audit pharmaceutique et de conformité. Il/elle a supervisé des équipes internationales et mené à bien des audits dans des environnements réglementaires complexes. Ses missions comprenaient la coordination avec les équipes d'ingénierie et la représentation auprès des autorités de santé dans plusieurs pays.",2024-09-04,2024-01-02
40,Moreau,Julie,julie.moreau@mail.com,1487700716,Suisse,2026-09-20,Licence,"Français (C1), Allemand (B1), Néerlandais (B2)","Julie a une solide expertise en affaires réglementaires, avec un niveau Débutant dans ce domaine. Il/elle possède également des compétences Débutant en systèmes de qualité et conformité, ainsi que des compétences Intermédiaire en audits. Julie a une bonne maîtrise des domaines cliniques et post-marché, et dispose de compétences Débutant en ingénierie et en services de représentation.","Julie a travaillé pendant 4 ans dans des entreprises telles que Petit PharmaCorp, où il/elle a dirigé plusieurs projets d'audit pharmaceutique et de conformité. Il/elle a supervisé des équipes internationales et mené à bien des audits dans des environnements réglementaires complexes. Ses missions comprenaient la coordination avec les équipes d'ingénierie et la représentation auprès des autorités de santé dans plusieurs pays.",2024-10-27,2024-03-04
41,Leroy,Julie,julie.leroy@mail.com,5898768395,Luxembourg,2026-11-07,Master,"Anglais (B2), Allemand (B1)","Julie a une solide expertise en affaires réglementaires, avec un niveau Intermédiaire dans ce domaine. Il/elle possède également des compétences Débutant en systèmes de qualité et conformité, ainsi que des compétences Débutant en audits. Julie a une bonne maîtrise des domaines cliniques et post-marché, et dispose de compétences Débutant en ingénierie et en services de représentation.","Julie a travaillé pendant 6 ans dans des entreprises telles que Moreau PharmaCorp, où il/elle a dirigé plusieurs projets d'audit pharmaceutique et de conformité. Il/elle a supervisé des équipes internationales et mené à bien des audits dans des environnements réglementaires complexes. Ses missions comprenaient la coordination avec les équipes d'ingénierie et la représentation auprès des autorités de santé dans plusieurs pays.",2024-04-19,2024-06-04
42,Martin,Paul,paul.martin@mail.com,2971126645,France,2026-08-28,Licence,"Anglais (B2), Espagnol (A2), Allemand (B1)","Paul a une solide expertise en affaires réglementaires, avec un niveau Avancé dans ce domaine. Il/elle possède également des compétences Avancé en systèmes de qualité et conformité, ainsi que des compétences Intermédiaire en audits. Paul a une bonne maîtrise des domaines cliniques et post-marché, et dispose de compétences Avancé en ingénierie et en services de représentation.","Paul a travaillé pendant 6 ans dans des entreprises telles que Martin PharmaCorp, où il/elle a dirigé plusieurs projets d'audit pharmaceutique et de conformité. Il/elle a supervisé des équipes internationales et mené à bien des audits dans des environnements réglementaires complexes. Ses missions comprenaient la coordination avec les équipes d'ingénierie et la représentation auprès des autorités de santé dans plusieurs pays.",2024-03-01,2024-03-01
43,Moreau,Jean,jean.moreau@mail.com,1311422805,Suisse,2025-12-21,Master,Espagnol (A2),"Jean a une solide expertise en affaires réglementaires, avec un niveau Intermédiaire dans ce domaine. Il/elle possède également des compétences Débutant en systèmes de qualité et conformité, ainsi que des compétences Débutant en audits. Jean a une bonne maîtrise des domaines cliniques et post-marché, et dispose de compétences Débutant en ingénierie et en services de représentation.","Jean a travaillé pendant 7 ans dans des entreprises telles que Petit PharmaCorp, où il/elle a dirigé plusieurs projets d'audit pharmaceutique et de conformité. Il/elle a supervisé des équipes internationales et mené à bien des audits dans des environnements réglementaires complexes. Ses missions comprenaient la coordination avec les équipes d'ingénierie et la représentation auprès des autorités de santé dans plusieurs pays.",2024-05-09,2024-02-03
44,Martin,Marc,marc.martin@mail.com,5619293386,Canada,2024-12-21,Master,Français (C1),"Marc a une solide expertise en affaires réglementaires, avec un niveau Avancé dans ce domaine. Il/elle possède également des compétences Avancé en systèmes de qualité et conformité, ainsi que des compétences Débutant en audits. Marc a une bonne maîtrise des domaines cliniques et post-marché, et dispose de compétences Avancé en ingénierie et en services de représentation.","Marc a travaillé pendant 10 ans dans des entreprises telles que Petit PharmaCorp, où il/elle a dirigé plusieurs projets d'audit pharmaceutique et de conformité. Il/elle a supervisé des équipes internationales et mené à bien des audits dans des environnements réglementaires complexes. Ses missions comprenaient la coordination avec les équipes d'ingénierie et la représentation auprès des autorités de santé dans plusieurs pays.",2024-02-24,2024-08-23
45,Richard,Marc,marc.richard@mail.com,3816011704,Luxembourg,2026-10-11,Master,"Néerlandais (B2), Allemand (B1)","Marc a une solide expertise en affaires réglementaires, avec un niveau Intermédiaire dans ce domaine. Il/elle possède également des compétences Intermédiaire en systèmes de qualité et conformité, ainsi que des compétences Intermédiaire en audits. Marc a une bonne maîtrise des domaines cliniques et post-marché, et dispose de compétences Débutant en ingénierie et en services de représentation.","Marc a travaillé pendant 5 ans dans des entreprises telles que Petit PharmaCorp, où il/elle a dirigé plusieurs projets d'audit pharmaceutique et de conformité. Il/elle a supervisé des équipes internationales et mené à bien des audits dans des environnements réglementaires complexes. Ses missions comprenaient la coordination avec les équipes d'ingénierie et la représentation auprès des autorités de santé dans plusieurs pays.",2024-06-03,2024-05-05
46,Martin,Louise,louise.martin@mail.com,9601722456,France,2025-12-01,Licence,"Espagnol (A2), Français (C1)","Louise a une solide expertise en affaires réglementaires, avec un niveau Débutant dans ce domaine. Il/elle possède également des compétences Avancé en systèmes de qualité et conformité, ainsi que des compétences Débutant en audits. Louise a une bonne maîtrise des domaines cliniques et post-marché, et dispose de compétences Intermédiaire en ingénierie et en services de représentation.","Louise a travaillé pendant 7 ans dans des entreprises telles que Richard PharmaCorp, où il/elle a dirigé plusieurs projets d'audit pharmaceutique et de conformité. Il/elle a supervisé des équipes internationales et mené à bien des audits dans des environnements réglementaires complexes. Ses missions comprenaient la coordination avec les équipes d'ingénierie et la représentation auprès des autorités de santé dans plusieurs pays.",2024-07-04,2024-06-25
47,Moreau,Marc,marc.moreau@mail.com,3940804776,Canada,2024-05-22,Master,"Français (C1), Néerlandais (B2)","Marc a une solide expertise en affaires réglementaires, avec un niveau Intermédiaire dans ce domaine. Il/elle possède également des compétences Avancé en systèmes de qualité et conformité, ainsi que des compétences Intermédiaire en audits. Marc a une bonne maîtrise des domaines cliniques et post-marché, et dispose de compétences Débutant en ingénierie et en services de représentation.","Marc a travaillé pendant 8 ans dans des entreprises telles que Petit PharmaCorp, où il/elle a dirigé plusieurs projets d'audit pharmaceutique et de conformité. Il/elle a supervisé des équipes internationales et mené à bien des audits dans des environnements réglementaires complexes. Ses missions comprenaient la coordination avec les équipes d'ingénierie et la représentation auprès des autorités de santé dans plusieurs pays.",2024-01-03,2024-08-16
48,Richard,Pierre,pierre.richard@mail.com,4864384208,Belgique,2025-08-16,Licence,Espagnol (A2),"Pierre a une solide expertise en affaires réglementaires, avec un niveau Débutant dans ce domaine. Il/elle possède également des compétences Avancé en systèmes de qualité et conformité, ainsi que des compétences Débutant en audits. Pierre a une bonne maîtrise des domaines cliniques et post-marché, et dispose de compétences Avancé en ingénierie et en services de représentation.","Pierre a travaillé pendant 3 ans dans des entreprises telles que Simon PharmaCorp, où il/elle a dirigé plusieurs projets d'audit pharmaceutique et de conformité. Il/elle a supervisé des équipes internationales et mené à bien des audits dans des environnements réglementaires complexes. Ses missions comprenaient la coordination avec les équipes d'ingénierie et la représentation auprès des autorités de santé dans plusieurs pays.",2024-10-27,2024-10-13
49,Bernard,Julie,julie.bernard@mail.com,6819490314,Belgique,2024-05-02,Doctorat,Anglais (B2),"Julie a une solide expertise en affaires réglementaires, avec un niveau Avancé dans ce domaine. Il/elle possède également des compétences Débutant en systèmes de qualité et conformité, ainsi que des compétences Intermédiaire en audits. Julie a une bonne maîtrise des domaines cliniques et post-marché, et dispose de compétences Débutant en ingénierie et en services de représentation.","Julie a travaillé pendant 8 ans dans des entreprises telles que Robert PharmaCorp, où il/elle a dirigé plusieurs projets d'audit pharmaceutique et de conformité. Il/elle a supervisé des équipes internationales et mené à bien des audits dans des environnements réglementaires complexes. Ses missions comprenaient la coordination avec les équipes d'ingénierie et la représentation auprès des autorités de santé dans plusieurs pays.",2024-05-06,2024-05-17
50,Durand,Louise,louise.durand@mail.com,5185927309,France,2025-05-13,Doctorat,Français (C1),"Louise a une solide expertise en affaires réglementaires, avec un niveau Intermédiaire dans ce domaine. Il/elle possède également des compétences Intermédiaire en systèmes de qualité et conformité, ainsi que des compétences Débutant en audits. Louise a une bonne maîtrise des domaines cliniques et post-marché, et dispose de compétences Intermédiaire en ingénierie et en services de représentation.","Louise a travaillé pendant 8 ans dans des entreprises telles que Durand PharmaCorp, où il/elle a dirigé plusieurs projets d'audit pharmaceutique et de conformité. Il/elle a supervisé des équipes internationales et mené à bien des audits dans des environnements réglementaires complexes. Ses missions comprenaient la coordination avec les équipes d'ingénierie et la représentation auprès des autorités de santé dans plusieurs pays.",2024-09-10,2024-03-07
51,Bernard,Sophie,sophie.bernard@mail.com,1060209807,Belgique,2024-07-13,Licence,"Allemand (B1), Espagnol (A2), Anglais (B2)","Sophie a une solide expertise en affaires réglementaires, avec un niveau Débutant dans ce domaine. Il/elle possède également des compétences Intermédiaire en systèmes de qualité et conformité, ainsi que des compétences Débutant en audits. Sophie a une bonne maîtrise des domaines cliniques et post-marché, et dispose de compétences Intermédiaire en ingénierie et en services de représentation.","Sophie a travaillé pendant 2 ans dans des entreprises telles que Dupont PharmaCorp, où il/elle a dirigé plusieurs projets d'audit pharmaceutique et de conformité. Il/elle a supervisé des équipes internationales et mené à bien des audits dans des environnements réglementaires complexes. Ses missions comprenaient la coordination avec les équipes d'ingénierie et la représentation auprès des autorités de santé dans plusieurs pays.",2024-08-04,2024-03-06
52,Simon,Sophie,sophie.simon@mail.com,3326278116,Luxembourg,2024-02-25,Master,"Allemand (B1), Anglais (B2), Espagnol (A2)","Sophie a une solide expertise en affaires réglementaires, avec un niveau Débutant dans ce domaine. Il/elle possède également des compétences Avancé en systèmes de qualité et conformité, ainsi que des compétences Débutant en audits. Sophie a une bonne maîtrise des domaines cliniques et post-marché, et dispose de compétences Avancé en ingénierie et en services de représentation.","Sophie a travaillé pendant 3 ans dans des entreprises telles que Petit PharmaCorp, où il/elle a dirigé plusieurs projets d'audit pharmaceutique et de conformité. Il/elle a supervisé des équipes internationales et mené à bien des audits dans des environnements réglementaires complexes. Ses missions comprenaient la coordination avec les équipes d'ingénierie et la représentation auprès des autorités de santé dans plusieurs pays.",2024-06-08,2024-06-12
53,Dupont,Pierre,pierre.dupont@mail.com,5606291375,Luxembourg,2026-02-13,Doctorat,"Anglais (B2), Néerlandais (B2)","Pierre a une solide expertise en affaires réglementaires, avec un niveau Avancé dans ce domaine. Il/elle possède également des compétences Débutant en systèmes de qualité et conformité, ainsi que des compétences Intermédiaire en audits. Pierre a une bonne maîtrise des domaines cliniques et post-marché, et dispose de compétences Débutant en ingénierie et en services de représentation.","Pierre a travaillé pendant 7 ans dans des entreprises telles que Bernard PharmaCorp, où il/elle a dirigé plusieurs projets d'audit pharmaceutique et de conformité. Il/elle a supervisé des équipes internationales et mené à bien des audits dans des environnements réglementaires complexes. Ses missions comprenaient la coordination avec les équipes d'ingénierie et la représentation auprès des autorités de santé dans plusieurs pays.",2024-06-24,2024-09-08
54,Simon,Sophie,sophie.simon@mail.com,5163612297,Luxembourg,2024-10-06,Master,"Espagnol (A2), Néerlandais (B2)","Sophie a une solide expertise en affaires réglementaires, avec un niveau Avancé dans ce domaine. Il/elle possède également des compétences Intermédiaire en systèmes de qualité et conformité, ainsi que des compétences Débutant en audits. Sophie a une bonne maîtrise des domaines cliniques et post-marché, et dispose de compétences Intermédiaire en ingénierie et en services de représentation.","Sophie a travaillé pendant 4 ans dans des entreprises telles que Bernard PharmaCorp, où il/elle a dirigé plusieurs projets d'audit pharmaceutique et de conformité. Il/elle a supervisé des équipes internationales et mené à bien des audits dans des environnements réglementaires complexes. Ses missions comprenaient la coordination avec les équipes d'ingénierie et la représentation auprès des autorités de santé dans plusieurs pays.",2024-01-05,2024-02-07
55,Petit,Jacques,jacques.petit@mail.com,3232171555,Canada,2026-03-28,Doctorat,"Néerlandais (B2), Anglais (B2)","Jacques a une solide expertise en affaires réglementaires, avec un niveau Avancé dans ce domaine. Il/elle possède également des compétences Intermédiaire en systèmes de qualité et conformité, ainsi que des compétences Débutant en audits. Jacques a une bonne maîtrise des domaines cliniques et post-marché, et dispose de compétences Intermédiaire en ingénierie et en services de représentation.","Jacques a travaillé pendant 2 ans dans des entreprises telles que Moreau PharmaCorp, où il/elle a dirigé plusieurs projets d'audit pharmaceutique et de conformité. Il/elle a supervisé des équipes internationales et mené à bien des audits dans des environnements réglementaires complexes. Ses missions comprenaient la coordination avec les équipes d'ingénierie et la représentation auprès des autorités de santé dans plusieurs pays.",2024-02-08,2024-03-20
56,Petit,Marie,marie.petit@mail.com,9105646744,France,2025-08-08,Doctorat,"Espagnol (A2), Français (C1)","Marie a une solide expertise en affaires réglementaires, avec un niveau Débutant dans ce domaine. Il/elle possède également des compétences Intermédiaire en systèmes de qualité et conformité, ainsi que des compétences Intermédiaire en audits. Marie a une bonne maîtrise des domaines cliniques et post-marché, et dispose de compétences Avancé en ingénierie et en services de représentation.","Marie a travaillé pendant 2 ans dans des entreprises telles que Durand PharmaCorp, où il/elle a dirigé plusieurs projets d'audit pharmaceutique et de conformité. Il/elle a supervisé des équipes internationales et mené à bien des audits dans des environnements réglementaires complexes. Ses missions comprenaient la coordination avec les équipes d'ingénierie et la représentation auprès des autorités de santé dans plusieurs pays.",2024-02-05,2024-01-03
57,Richard,Pierre,pierre.richard@mail.com,7067272442,Luxembourg,2026-10-22,Doctorat,"Espagnol (A2), Français (C1), Néerlandais (B2)","Pierre a une solide expertise en affaires réglementaires, avec un niveau Intermédiaire dans ce domaine. Il/elle possède également des compétences Intermédiaire en systèmes de qualité et conformité, ainsi que des compétences Avancé en audits. Pierre a une bonne maîtrise des domaines cliniques et post-marché, et dispose de compétences Avancé en ingénierie et en services de représentation.","Pierre a travaillé pendant 5 ans dans des entreprises telles que Richard PharmaCorp, où il/elle a dirigé plusieurs projets d'audit pharmaceutique et de conformité. Il/elle a supervisé des équipes internationales et mené à bien des audits dans des environnements réglementaires complexes. Ses missions comprenaient la coordination avec les équipes d'ingénierie et la représentation auprès des autorités de santé dans plusieurs pays.",2024-04-12,2024-10-19
58,Simon,Jean,jean.simon@mail.com,3807444729,Canada,2026-10-03,Licence,Espagnol (A2),"Jean a une solide expertise en affaires réglementaires, avec un niveau Avancé dans ce domaine. Il/elle possède également des compétences Avancé en systèmes de qualité et conformité, ainsi que des compétences Intermédiaire en audits. Jean a une bonne maîtrise des domaines cliniques et post-marché, et dispose de compétences Avancé en ingénierie et en services de représentation.","Jean a travaillé pendant 2 ans dans des entreprises telles que Bernard PharmaCorp, où il/elle a dirigé plusieurs projets d'audit pharmaceutique et de conformité. Il/elle a supervisé des équipes internationales et mené à bien des audits dans des environnements réglementaires complexes. Ses missions comprenaient la coordination avec les équipes d'ingénierie et la représentation auprès des autorités de santé dans plusieurs pays.",2024-03-01,2024-06-01
59,Robert,Pierre,pierre.robert@mail.com,9025061780,France,2026-08-16,Doctorat,Français (C1),"Pierre a une solide expertise en affaires réglementaires, avec un niveau Avancé dans ce domaine. Il/elle possède également des compétences Intermédiaire en systèmes de qualité et conformité, ainsi que des compétences Avancé en audits. Pierre a une bonne maîtrise des domaines cliniques et post-marché, et dispose de compétences Avancé en ingénierie et en services de représentation.","Pierre a travaillé pendant 4 ans dans des entreprises telles que Moreau PharmaCorp, où il/elle a dirigé plusieurs projets d'audit pharmaceutique et de conformité. Il/elle a supervisé des équipes internationales et mené à bien des audits dans des environnements réglementaires complexes. Ses missions comprenaient la coordination avec les équipes d'ingénierie et la représentation auprès des autorités de santé dans plusieurs pays.",2024-04-14,2024-04-27
60,Simon,Sophie,sophie.simon@mail.com,4301533560,Belgique,2026-03-23,Master,Allemand (B1),"Sophie a une solide expertise en affaires réglementaires, avec un niveau Avancé dans ce domaine. Il/elle possède également des compétences Intermédiaire en systèmes de qualité et conformité, ainsi que des compétences Avancé en audits. Sophie a une bonne maîtrise des domaines cliniques et post-marché, et dispose de compétences Intermédiaire en ingénierie et en services de représentation.","Sophie a travaillé pendant 4 ans dans des entreprises telles que Moreau PharmaCorp, où il/elle a dirigé plusieurs projets d'audit pharmaceutique et de conformité. Il/elle a supervisé des équipes internationales et mené à bien des audits dans des environnements réglementaires complexes. Ses missions comprenaient la coordination avec les équipes d'ingénierie et la représentation auprès des autorités de santé dans plusieurs pays.",2024-05-08,2024-10-27
61,Leroy,Marie,marie.leroy@mail.com,4584382550,Belgique,2024-09-26,Master,"Anglais (B2), Espagnol (A2), Français (C1)","Marie a une solide expertise en affaires réglementaires, avec un niveau Débutant dans ce domaine. Il/elle possède également des compétences Avancé en systèmes de qualité et conformité, ainsi que des compétences Débutant en audits. Marie a une bonne maîtrise des domaines cliniques et post-marché, et dispose de compétences Débutant en ingénierie et en services de représentation.","Marie a travaillé pendant 7 ans dans des entreprises telles que Leroy PharmaCorp, où il/elle a dirigé plusieurs projets d'audit pharmaceutique et de conformité. Il/elle a supervisé des équipes internationales et mené à bien des audits dans des environnements réglementaires complexes. Ses missions comprenaient la coordination avec les équipes d'ingénierie et la représentation auprès des autorités de santé dans plusieurs pays.",2024-02-17,2024-07-14
62,Petit,Jean,jean.petit@mail.com,9420307821,Luxembourg,2024-10-15,Licence,"Allemand (B1), Espagnol (A2), Anglais (B2)","Jean a une solide expertise en affaires réglementaires, avec un niveau Intermédiaire dans ce domaine. Il/elle possède également des compétences Avancé en systèmes de qualité et conformité, ainsi que des compétences Débutant en audits. Jean a une bonne maîtrise des domaines cliniques et post-marché, et dispose de compétences Intermédiaire en ingénierie et en services de représentation.","Jean a travaillé pendant 2 ans dans des entreprises telles que Martin PharmaCorp, où il/elle a dirigé plusieurs projets d'audit pharmaceutique et de conformité. Il/elle a supervisé des équipes internationales et mené à bien des audits dans des environnements réglementaires complexes. Ses missions comprenaient la coordination avec les équipes d'ingénierie et la représentation auprès des autorités de santé dans plusieurs pays.",2024-02-18,2024-02-17
63,Dupont,Marie,marie.dupont@mail.com,9033043852,Suisse,2024-09-25,Master,"Anglais (B2), Allemand (B1)","Marie a une solide expertise en affaires réglementaires, avec un niveau Débutant dans ce domaine. Il/elle possède également des compétences Débutant en systèmes de qualité et conformité, ainsi que des compétences Avancé en audits. Marie a une bonne maîtrise des domaines cliniques et post-marché, et dispose de compétences Débutant en ingénierie et en services de représentation.","Marie a travaillé pendant 1 ans dans des entreprises telles que Richard PharmaCorp, où il/elle a dirigé plusieurs projets d'audit pharmaceutique et de conformité. Il/elle a supervisé des équipes internationales et mené à bien des audits dans des environnements réglementaires complexes. Ses missions comprenaient la coordination avec les équipes d'ingénierie et la représentation auprès des autorités de santé dans plusieurs pays.",2024-02-11,2024-04-27
64,Moreau,Sophie,sophie.moreau@mail.com,7941741917,Belgique,2026-11-26,Master,Allemand (B1),"Sophie a une solide expertise en affaires réglementaires, avec un niveau Intermédiaire dans ce domaine. Il/elle possède également des compétences Intermédiaire en systèmes de qualité et conformité, ainsi que des compétences Intermédiaire en audits. Sophie a une bonne maîtrise des domaines cliniques et post-marché, et dispose de compétences Intermédiaire en ingénierie et en services de représentation.","Sophie a travaillé pendant 2 ans dans des entreprises telles que Simon PharmaCorp, où il/elle a dirigé plusieurs projets d'audit pharmaceutique et de conformité. Il/elle a supervisé des équipes internationales et mené à bien des audits dans des environnements réglementaires complexes. Ses missions comprenaient la coordination avec les équipes d'ingénierie et la représentation auprès des autorités de santé dans plusieurs pays.",2024-08-09,2024-03-15
65,Leroy,Paul,paul.leroy@mail.com,5007006753,Suisse,2024-10-03,Master,"Anglais (B2), Français (C1)","Paul a une solide expertise en affaires réglementaires, avec un niveau Avancé dans ce domaine. Il/elle possède également des compétences Débutant en systèmes de qualité et conformité, ainsi que des compétences Avancé en audits. Paul a une bonne maîtrise des domaines cliniques et post-marché, et dispose de compétences Débutant en ingénierie et en services de représentation.","Paul a travaillé pendant 2 ans dans des entreprises telles que Durand PharmaCorp, où il/elle a dirigé plusieurs projets d'audit pharmaceutique et de conformité. Il/elle a supervisé des équipes internationales et mené à bien des audits dans des environnements réglementaires complexes. Ses missions comprenaient la coordination avec les équipes d'ingénierie et la représentation auprès des autorités de santé dans plusieurs pays.",2024-03-13,2024-05-07
66,Dupont,Julie,julie.dupont@mail.com,7977815781,Belgique,2025-01-24,Doctorat,"Allemand (B1), Espagnol (A2)","Julie a une solide expertise en affaires réglementaires, avec un niveau Débutant dans ce domaine. Il/elle possède également des compétences Intermédiaire en systèmes de qualité et conformité, ainsi que des compétences Intermédiaire en audits. Julie a une bonne maîtrise des domaines cliniques et post-marché, et dispose de compétences Avancé en ingénierie et en services de représentation.","Julie a travaillé pendant 2 ans dans des entreprises telles que Moreau PharmaCorp, où il/elle a dirigé plusieurs projets d'audit pharmaceutique et de conformité. Il/elle a supervisé des équipes internationales et mené à bien des audits dans des environnements réglementaires complexes. Ses missions comprenaient la coordination avec les équipes d'ingénierie et la représentation auprès des autorités de santé dans plusieurs pays.",2024-05-25,2024-04-07
67,Richard,Sophie,sophie.richard@mail.com,4676219337,Canada,2025-03-01,Licence,"Anglais (B2), Français (C1)","Sophie a une solide expertise en affaires réglementaires, avec un niveau Débutant dans ce domaine. Il/elle possède également des compétences Intermédiaire en systèmes de qualité et conformité, ainsi que des compétences Avancé en audits. Sophie a une bonne maîtrise des domaines cliniques et post-marché, et dispose de compétences Débutant en ingénierie et en services de représentation.","Sophie a travaillé pendant 2 ans dans des entreprises telles que Leroy PharmaCorp, où il/elle a dirigé plusieurs projets d'audit pharmaceutique et de conformité. Il/elle a supervisé des équipes internationales et mené à bien des audits dans des environnements réglementaires complexes. Ses missions comprenaient la coordination avec les équipes d'ingénierie et la représentation auprès des autorités de santé dans plusieurs pays.",2024-04-13,2024-10-11
68,Richard,Pierre,pierre.richard@mail.com,8135566687,Luxembourg,2026-04-05,Doctorat,Allemand (B1),"Pierre a une solide expertise en affaires réglementaires, avec un niveau Avancé dans ce domaine. Il/elle possède également des compétences Avancé en systèmes de qualité et conformité, ainsi que des compétences Intermédiaire en audits. Pierre a une bonne maîtrise des domaines cliniques et post-marché, et dispose de compétences Intermédiaire en ingénierie et en services de représentation.","Pierre a travaillé pendant 10 ans dans des entreprises telles que Dupont PharmaCorp, où il/elle a dirigé plusieurs projets d'audit pharmaceutique et de conformité. Il/elle a supervisé des équipes internationales et mené à bien des audits dans des environnements réglementaires complexes. Ses missions comprenaient la coordination avec les équipes d'ingénierie et la représentation auprès des autorités de santé dans plusieurs pays.",2024-10-03,2024-08-19
69,Petit,Pierre,pierre.petit@mail.com,8231529552,Luxembourg,2026-03-20,Doctorat,Espagnol (A2),"Pierre a une solide expertise en affaires réglementaires, avec un niveau Avancé dans ce domaine. Il/elle possède également des compétences Avancé en systèmes de qualité et conformité, ainsi que des compétences Débutant en audits. Pierre a une bonne maîtrise des domaines cliniques et post-marché, et dispose de compétences Avancé en ingénierie et en services de représentation.","Pierre a travaillé pendant 4 ans dans des entreprises telles que Bernard PharmaCorp, où il/elle a dirigé plusieurs projets d'audit pharmaceutique et de conformité. Il/elle a supervisé des équipes internationales et mené à bien des audits dans des environnements réglementaires complexes. Ses missions comprenaient la coordination avec les équipes d'ingénierie et la représentation auprès des autorités de santé dans plusieurs pays.",2024-02-02,2024-03-05
70,Durand,Marc,marc.durand@mail.com,1121128108,Belgique,2026-02-15,Licence,"Allemand (B1), Espagnol (A2), Anglais (B2)","Marc a une solide expertise en affaires réglementaires, avec un niveau Intermédiaire dans ce domaine. Il/elle possède également des compétences Intermédiaire en systèmes de qualité et conformité, ainsi que des compétences Avancé en audits. Marc a une bonne maîtrise des domaines cliniques et post-marché, et dispose de compétences Débutant en ingénierie et en services de représentation.","Marc a travaillé pendant 9 ans dans des entreprises telles que Richard PharmaCorp, où il/elle a dirigé plusieurs projets d'audit pharmaceutique et de conformité. Il/elle a supervisé des équipes internationales et mené à bien des audits dans des environnements réglementaires complexes. Ses missions comprenaient la coordination avec les équipes d'ingénierie et la représentation auprès des autorités de santé dans plusieurs pays.",2024-10-27,2024-10-27
71,Petit,Marc,marc.petit@mail.com,3398810086,Belgique,2026-02-18,Doctorat,"Anglais (B2), Espagnol (A2), Néerlandais (B2)","Marc a une solide expertise en affaires réglementaires, avec un niveau Débutant dans ce domaine. Il/elle possède également des compétences Avancé en systèmes de qualité et conformité, ainsi que des compétences Intermédiaire en audits. Marc a une bonne maîtrise des domaines cliniques et post-marché, et dispose de compétences Intermédiaire en ingénierie et en services de représentation.","Marc a travaillé pendant 2 ans dans des entreprises telles que Petit PharmaCorp, où il/elle a dirigé plusieurs projets d'audit pharmaceutique et de conformité. Il/elle a supervisé des équipes internationales et mené à bien des audits dans des environnements réglementaires complexes. Ses missions comprenaient la coordination avec les équipes d'ingénierie et la représentation auprès des autorités de santé dans plusieurs pays.",2024-02-13,2024-09-02
72,Simon,Marc,marc.simon@mail.com,3583493750,Belgique,2024-11-20,Licence,"Français (C1), Espagnol (A2)","Marc a une solide expertise en affaires réglementaires, avec un niveau Intermédiaire dans ce domaine. Il/elle possède également des compétences Intermédiaire en systèmes de qualité et conformité, ainsi que des compétences Avancé en audits. Marc a une bonne maîtrise des domaines cliniques et post-marché, et dispose de compétences Intermédiaire en ingénierie et en services de représentation.","Marc a travaillé pendant 4 ans dans des entreprises telles que Simon PharmaCorp, où il/elle a dirigé plusieurs projets d'audit pharmaceutique et de conformité. Il/elle a supervisé des équipes internationales et mené à bien des audits dans des environnements réglementaires complexes. Ses missions comprenaient la coordination avec les équipes d'ingénierie et la représentation auprès des autorités de santé dans plusieurs pays.",2024-03-19,2024-06-10
73,Bernard,Marc,marc.bernard@mail.com,6469357627,France,2026-06-02,Doctorat,Anglais (B2),"Marc a une solide expertise en affaires réglementaires, avec un niveau Avancé dans ce domaine. Il/elle possède également des compétences Intermédiaire en systèmes de qualité et conformité, ainsi que des compétences Avancé en audits. Marc a une bonne maîtrise des domaines cliniques et post-marché, et dispose de compétences Débutant en ingénierie et en services de représentation.","Marc a travaillé pendant 3 ans dans des entreprises telles que Richard PharmaCorp, où il/elle a dirigé plusieurs projets d'audit pharmaceutique et de conformité. Il/elle a supervisé des équipes internationales et mené à bien des audits dans des environnements réglementaires complexes. Ses missions comprenaient la coordination avec les équipes d'ingénierie et la représentation auprès des autorités de santé dans plusieurs pays.",2024-05-27,2024-05-07
74,Durand,Jean,jean.durand@mail.com,5810680270,Canada,2024-12-26,Licence,"Néerlandais (B2), Anglais (B2)","Jean a une solide expertise en affaires réglementaires, avec un niveau Débutant dans ce domaine. Il/elle possède également des compétences Débutant en systèmes de qualité et conformité, ainsi que des compétences Intermédiaire en audits. Jean a une bonne maîtrise des domaines cliniques et post-marché, et dispose de compétences Débutant en ingénierie et en services de représentation.","Jean a travaillé pendant 7 ans dans des entreprises telles que Simon PharmaCorp, où il/elle a dirigé plusieurs projets d'audit pharmaceutique et de conformité. Il/elle a supervisé des équipes internationales et mené à bien des audits dans des environnements réglementaires complexes. Ses missions comprenaient la coordination avec les équipes d'ingénierie et la représentation auprès des autorités de santé dans plusieurs pays.",2024-03-04,2024-09-17
75,Durand,Jacques,jacques.durand@mail.com,8761652491,Belgique,2026-12-01,Doctorat,"Néerlandais (B2), Français (C1), Allemand (B1)","Jacques a une solide expertise en affaires réglementaires, avec un niveau Avancé dans ce domaine. Il/elle possède également des compétences Intermédiaire en systèmes de qualité et conformité, ainsi que des compétences Débutant en audits. Jacques a une bonne maîtrise des domaines cliniques et post-marché, et dispose de compétences Débutant en ingénierie et en services de représentation.","Jacques a travaillé pendant 10 ans dans des entreprises telles que Simon PharmaCorp, où il/elle a dirigé plusieurs projets d'audit pharmaceutique et de conformité. Il/elle a supervisé des équipes internationales et mené à bien des audits dans des environnements réglementaires complexes. Ses missions comprenaient la coordination avec les équipes d'ingénierie et la représentation auprès des autorités de santé dans plusieurs pays.",2024-03-18,2024-06-01
76,Durand,Marie,marie.durand@mail.com,6968721018,Belgique,2024-07-28,Doctorat,"Français (C1), Néerlandais (B2)","Marie a une solide expertise en affaires réglementaires, avec un niveau Avancé dans ce domaine. Il/elle possède également des compétences Avancé en systèmes de qualité et conformité, ainsi que des compétences Débutant en audits. Marie a une bonne maîtrise des domaines cliniques et post-marché, et dispose de compétences Avancé en ingénierie et en services de représentation.","Marie a travaillé pendant 8 ans dans des entreprises telles que Petit PharmaCorp, où il/elle a dirigé plusieurs projets d'audit pharmaceutique et de conformité. Il/elle a supervisé des équipes internationales et mené à bien des audits dans des environnements réglementaires complexes. Ses missions comprenaient la coordination avec les équipes d'ingénierie et la représentation auprès des autorités de santé dans plusieurs pays.",2024-01-22,2024-06-18
77,Robert,Marc,marc.robert@mail.com,4447981876,Belgique,2026-12-05,Master,"Espagnol (A2), Anglais (B2), Allemand (B1)","Marc a une solide expertise en affaires réglementaires, avec un niveau Intermédiaire dans ce domaine. Il/elle possède également des compétences Intermédiaire en systèmes de qualité et conformité, ainsi que des compétences Avancé en audits. Marc a une bonne maîtrise des domaines cliniques et post-marché, et dispose de compétences Intermédiaire en ingénierie et en services de représentation.","Marc a travaillé pendant 3 ans dans des entreprises telles que Moreau PharmaCorp, où il/elle a dirigé plusieurs projets d'audit pharmaceutique et de conformité. Il/elle a supervisé des équipes internationales et mené à bien des audits dans des environnements réglementaires complexes. Ses missions comprenaient la coordination avec les équipes d'ingénierie et la représentation auprès des autorités de santé dans plusieurs pays.",2024-03-24,2024-02-24
78,Dupont,Marc,marc.dupont@mail.com,8317221882,Luxembourg,2025-06-05,Master,"Français (C1), Espagnol (A2), Allemand (B1)","Marc a une solide expertise en affaires réglementaires, avec un niveau Avancé dans ce domaine. Il/elle possède également des compétences Avancé en systèmes de qualité et conformité, ainsi que des compétences Avancé en audits. Marc a une bonne maîtrise des domaines cliniques et post-marché, et dispose de compétences Avancé en ingénierie et en services de représentation.","Marc a travaillé pendant 10 ans dans des entreprises telles que Petit PharmaCorp, où il/elle a dirigé plusieurs projets d'audit pharmaceutique et de conformité. Il/elle a supervisé des équipes internationales et mené à bien des audits dans des environnements réglementaires complexes. Ses missions comprenaient la coordination avec les équipes d'ingénierie et la représentation auprès des autorités de santé dans plusieurs pays.",2024-02-12,2024-09-21
79,Martin,Julie,julie.martin@mail.com,3404002991,Belgique,2024-05-16,Licence,Espagnol (A2),"Julie a une solide expertise en affaires réglementaires, avec un niveau Intermédiaire dans ce domaine. Il/elle possède également des compétences Débutant en systèmes de qualité et conformité, ainsi que des compétences Débutant en audits. Julie a une bonne maîtrise des domaines cliniques et post-marché, et dispose de compétences Débutant en ingénierie et en services de représentation.","Julie a travaillé pendant 7 ans dans des entreprises telles que Durand PharmaCorp, où il/elle a dirigé plusieurs projets d'audit pharmaceutique et de conformité. Il/elle a supervisé des équipes internationales et mené à bien des audits dans des environnements réglementaires complexes. Ses missions comprenaient la coordination avec les équipes d'ingénierie et la représentation auprès des autorités de santé dans plusieurs pays.",2024-07-28,2024-01-04
80,Leroy,Jean,jean.leroy@mail.com,6590798581,Suisse,2024-03-14,Master,"Néerlandais (B2), Anglais (B2), Allemand (B1)","Jean a une solide expertise en affaires réglementaires, avec un niveau Intermédiaire dans ce domaine. Il/elle possède également des compétences Intermédiaire en systèmes de qualité et conformité, ainsi que des compétences Intermédiaire en audits. Jean a une bonne maîtrise des domaines cliniques et post-marché, et dispose de compétences Débutant en ingénierie et en services de représentation.","Jean a travaillé pendant 6 ans dans des entreprises telles que Bernard PharmaCorp, où il/elle a dirigé plusieurs projets d'audit pharmaceutique et de conformité. Il/elle a supervisé des équipes internationales et mené à bien des audits dans des environnements réglementaires complexes. Ses missions comprenaient la coordination avec les équipes d'ingénierie et la représentation auprès des autorités de santé dans plusieurs pays.",2024-09-19,2024-03-24
81,Durand,Marc,marc.durand@mail.com,8032310576,Suisse,2025-08-20,Doctorat,"Allemand (B1), Français (C1)","Marc a une solide expertise en affaires réglementaires, avec un niveau Débutant dans ce domaine. Il/elle possède également des compétences Intermédiaire en systèmes de qualité et conformité, ainsi que des compétences Débutant en audits. Marc a une bonne maîtrise des domaines cliniques et post-marché, et dispose de compétences Intermédiaire en ingénierie et en services de représentation.","Marc a travaillé pendant 3 ans dans des entreprises telles que Bernard PharmaCorp, où il/elle a dirigé plusieurs projets d'audit pharmaceutique et de conformité. Il/elle a supervisé des équipes internationales et mené à bien des audits dans des environnements réglementaires complexes. Ses missions comprenaient la coordination avec les équipes d'ingénierie et la représentation auprès des autorités de santé dans plusieurs pays.",2024-10-18,2024-06-11
82,Richard,Paul,paul.richard@mail.com,7560585403,Canada,2024-08-26,Doctorat,"Allemand (B1), Néerlandais (B2)","Paul a une solide expertise en affaires réglementaires, avec un niveau Débutant dans ce domaine. Il/elle possède également des compétences Débutant en systèmes de qualité et conformité, ainsi que des compétences Débutant en audits. Paul a une bonne maîtrise des domaines cliniques et post-marché, et dispose de compétences Débutant en ingénierie et en services de représentation.","Paul a travaillé pendant 5 ans dans des entreprises telles que Bernard PharmaCorp, où il/elle a dirigé plusieurs projets d'audit pharmaceutique et de conformité. Il/elle a supervisé des équipes internationales et mené à bien des audits dans des environnements réglementaires complexes. Ses missions comprenaient la coordination avec les équipes d'ingénierie et la représentation auprès des autorités de santé dans plusieurs pays.",2024-10-02,2024-05-21
83,Durand,Lucie,lucie.durand@mail.com,8150439615,Suisse,2026-04-25,Doctorat,Néerlandais (B2),"Lucie a une solide expertise en affaires réglementaires, avec un niveau Intermédiaire dans ce domaine. Il/elle possède également des compétences Intermédiaire en systèmes de qualité et conformité, ainsi que des compétences Débutant en audits. Lucie a une bonne maîtrise des domaines cliniques et post-marché, et dispose de compétences Débutant en ingénierie et en services de représentation.","Lucie a travaillé pendant 7 ans dans des entreprises telles que Robert PharmaCorp, où il/elle a dirigé plusieurs projets d'audit pharmaceutique et de conformité. Il/elle a supervisé des équipes internationales et mené à bien des audits dans des environnements réglementaires complexes. Ses missions comprenaient la coordination avec les équipes d'ingénierie et la représentation auprès des autorités de santé dans plusieurs pays.",2024-03-13,2024-01-03
84,Richard,Julie,julie.richard@mail.com,4260295139,Canada,2026-03-15,Doctorat,"Espagnol (A2), Néerlandais (B2)","Julie a une solide expertise en affaires réglementaires, avec un niveau Débutant dans ce domaine. Il/elle possède également des compétences Débutant en systèmes de qualité et conformité, ainsi que des compétences Avancé en audits. Julie a une bonne maîtrise des domaines cliniques et post-marché, et dispose de compétences Intermédiaire en ingénierie et en services de représentation.","Julie a travaillé pendant 2 ans dans des entreprises telles que Richard PharmaCorp, où il/elle a dirigé plusieurs projets d'audit pharmaceutique et de conformité. Il/elle a supervisé des équipes internationales et mené à bien des audits dans des environnements réglementaires complexes. Ses missions comprenaient la coordination avec les équipes d'ingénierie et la représentation auprès des autorités de santé dans plusieurs pays.",2024-08-02,2024-02-06
85,Petit,Jacques,jacques.petit@mail.com,9346351980,Luxembourg,2026-07-16,Licence,"Espagnol (A2), Allemand (B1), Anglais (B2)","Jacques a une solide expertise en affaires réglementaires, avec un niveau Débutant dans ce domaine. Il/elle possède également des compétences Avancé en systèmes de qualité et conformité, ainsi que des compétences Intermédiaire en audits. Jacques a une bonne maîtrise des domaines cliniques et post-marché, et dispose de compétences Intermédiaire en ingénierie et en services de représentation.","Jacques a travaillé pendant 9 ans dans des entreprises telles que Simon PharmaCorp, où il/elle a dirigé plusieurs projets d'audit pharmaceutique et de conformité. Il/elle a supervisé des équipes internationales et mené à bien des audits dans des environnements réglementaires complexes. Ses missions comprenaient la coordination avec les équipes d'ingénierie et la représentation auprès des autorités de santé dans plusieurs pays.",2024-09-15,2024-08-19
86,Richard,Marie,marie.richard@mail.com,5423703983,Luxembourg,2024-09-18,Doctorat,"Allemand (B1), Français (C1), Néerlandais (B2)","Marie a une solide expertise en affaires réglementaires, avec un niveau Avancé dans ce domaine. Il/elle possède également des compétences Débutant en systèmes de qualité et conformité, ainsi que des compétences Intermédiaire en audits. Marie a une bonne maîtrise des domaines cliniques et post-marché, et dispose de compétences Débutant en ingénierie et en services de représentation.","Marie a travaillé pendant 3 ans dans des entreprises telles que Martin PharmaCorp, où il/elle a dirigé plusieurs projets d'audit pharmaceutique et de conformité. Il/elle a supervisé des équipes internationales et mené à bien des audits dans des environnements réglementaires complexes. Ses missions comprenaient la coordination avec les équipes d'ingénierie et la représentation auprès des autorités de santé dans plusieurs pays.",2024-02-21,2024-02-19
87,Richard,Paul,paul.richard@mail.com,8674550928,Belgique,2026-12-26,Licence,"Français (C1), Anglais (B2)","Paul a une solide expertise en affaires réglementaires, avec un niveau Intermédiaire dans ce domaine. Il/elle possède également des compétences Débutant en systèmes de qualité et conformité, ainsi que des compétences Intermédiaire en audits. Paul a une bonne maîtrise des domaines cliniques et post-marché, et dispose de compétences Intermédiaire en ingénierie et en services de représentation.","Paul a travaillé pendant 2 ans dans des entreprises telles que Dupont PharmaCorp, où il/elle a dirigé plusieurs projets d'audit pharmaceutique et de conformité. Il/elle a supervisé des équipes internationales et mené à bien des audits dans des environnements réglementaires complexes. Ses missions comprenaient la coordination avec les équipes d'ingénierie et la représentation auprès des autorités de santé dans plusieurs pays.",2024-01-02,2024-05-08
88,Simon,Jacques,jacques.simon@mail.com,6422601400,Belgique,2024-09-13,Licence,Néerlandais (B2),"Jacques a une solide expertise en affaires réglementaires, avec un niveau Intermédiaire dans ce domaine. Il/elle possède également des compétences Intermédiaire en systèmes de qualité et conformité, ainsi que des compétences Intermédiaire en audits. Jacques a une bonne maîtrise des domaines cliniques et post-marché, et dispose de compétences Avancé en ingénierie et en services de représentation.","Jacques a travaillé pendant 7 ans dans des entreprises telles que Simon PharmaCorp, où il/elle a dirigé plusieurs projets d'audit pharmaceutique et de conformité. Il/elle a supervisé des équipes internationales et mené à bien des audits dans des environnements réglementaires complexes. Ses missions comprenaient la coordination avec les équipes d'ingénierie et la représentation auprès des autorités de santé dans plusieurs pays.",2024-01-18,2024-05-07
89,Dupont,Marc,marc.dupont@mail.com,4035397927,Luxembourg,2026-06-23,Licence,"Espagnol (A2), Néerlandais (B2)","Marc a une solide expertise en affaires réglementaires, avec un niveau Intermédiaire dans ce domaine. Il/elle possède également des compétences Intermédiaire en systèmes de qualité et conformité, ainsi que des compétences Débutant en audits. Marc a une bonne maîtrise des domaines cliniques et post-marché, et dispose de compétences Avancé en ingénierie et en services de représentation.","Marc a travaillé pendant 10 ans dans des entreprises telles que Moreau PharmaCorp, où il/elle a dirigé plusieurs projets d'audit pharmaceutique et de conformité. Il/elle a supervisé des équipes internationales et mené à bien des audits dans des environnements réglementaires complexes. Ses missions comprenaient la coordination avec les équipes d'ingénierie et la représentation auprès des autorités de santé dans plusieurs pays.",2024-07-05,2024-03-28
90,Robert,Jean,jean.robert@mail.com,7466501550,Belgique,2024-05-04,Master,"Néerlandais (B2), Français (C1), Anglais (B2)","Jean a une solide expertise en affaires réglementaires, avec un niveau Avancé dans ce domaine. Il/elle possède également des compétences Débutant en systèmes de qualité et conformité, ainsi que des compétences Débutant en audits. Jean a une bonne maîtrise des domaines cliniques et post-marché, et dispose de compétences Débutant en ingénierie et en services de représentation.","Jean a travaillé pendant 1 ans dans des entreprises telles que Dupont PharmaCorp, où il/elle a dirigé plusieurs projets d'audit pharmaceutique et de conformité. Il/elle a supervisé des équipes internationales et mené à bien des audits dans des environnements réglementaires complexes. Ses missions comprenaient la coordination avec les équipes d'ingénierie et la représentation auprès des autorités de santé dans plusieurs pays.",2024-05-28,2024-09-23
91,Leroy,Paul,paul.leroy@mail.com,8361084426,Suisse,2025-05-18,Licence,"Anglais (B2), Espagnol (A2), Allemand (B1)","Paul a une solide expertise en affaires réglementaires, avec un niveau Intermédiaire dans ce domaine. Il/elle possède également des compétences Débutant en systèmes de qualité et conformité, ainsi que des compétences Débutant en audits. Paul a une bonne maîtrise des domaines cliniques et post-marché, et dispose de compétences Débutant en ingénierie et en services de représentation.","Paul a travaillé pendant 8 ans dans des entreprises telles que Durand PharmaCorp, où il/elle a dirigé plusieurs projets d'audit pharmaceutique et de conformité. Il/elle a supervisé des équipes internationales et mené à bien des audits dans des environnements réglementaires complexes. Ses missions comprenaient la coordination avec les équipes d'ingénierie et la représentation auprès des autorités de santé dans plusieurs pays.",2024-02-20,2024-05-25
92,Moreau,Paul,paul.moreau@mail.com,4574146481,Suisse,2025-03-09,Doctorat,"Allemand (B1), Français (C1), Néerlandais (B2)","Paul a une solide expertise en affaires réglementaires, avec un niveau Avancé dans ce domaine. Il/elle possède également des compétences Intermédiaire en systèmes de qualité et conformité, ainsi que des compétences Avancé en audits. Paul a une bonne maîtrise des domaines cliniques et post-marché, et dispose de compétences Avancé en ingénierie et en services de représentation.","Paul a travaillé pendant 5 ans dans des entreprises telles que Petit PharmaCorp, où il/elle a dirigé plusieurs projets d'audit pharmaceutique et de conformité. Il/elle a supervisé des équipes internationales et mené à bien des audits dans des environnements réglementaires complexes. Ses missions comprenaient la coordination avec les équipes d'ingénierie et la représentation auprès des autorités de santé dans plusieurs pays.",2024-05-24,2024-01-02
93,Martin,Jean,jean.martin@mail.com,7924934460,Belgique,2024-06-06,Licence,Allemand (B1),"Jean a une solide expertise en affaires réglementaires, avec un niveau Avancé dans ce domaine. Il/elle possède également des compétences Débutant en systèmes de qualité et conformité, ainsi que des compétences Débutant en audits. Jean a une bonne maîtrise des domaines cliniques et post-marché, et dispose de compétences Avancé en ingénierie et en services de représentation.","Jean a travaillé pendant 8 ans dans des entreprises telles que Dupont PharmaCorp, où il/elle a dirigé plusieurs projets d'audit pharmaceutique et de conformité. Il/elle a supervisé des équipes internationales et mené à bien des audits dans des environnements réglementaires complexes. Ses missions comprenaient la coordination avec les équipes d'ingénierie et la représentation auprès des autorités de santé dans plusieurs pays.",2024-06-10,2024-07-21
94,Dupont,Paul,paul.dupont@mail.com,9078620415,Canada,2024-08-05,Master,"Allemand (B1), Espagnol (A2)","Paul a une solide expertise en affaires réglementaires, avec un niveau Intermédiaire dans ce domaine. Il/elle possède également des compétences Avancé en systèmes de qualité et conformité, ainsi que des compétences Intermédiaire en audits. Paul a une bonne maîtrise des domaines cliniques et post-marché, et dispose de compétences Intermédiaire en ingénierie et en services de représentation.","Paul a travaillé pendant 4 ans dans des entreprises telles que Bernard PharmaCorp, où il/elle a dirigé plusieurs projets d'audit pharmaceutique et de conformité. Il/elle a supervisé des équipes internationales et mené à bien des audits dans des environnements réglementaires complexes. Ses missions comprenaient la coordination avec les équipes d'ingénierie et la représentation auprès des autorités de santé dans plusieurs pays.",2024-10-11,2024-01-11
95,Petit,Marc,marc.petit@mail.com,7184843928,Belgique,2026-12-15,Doctorat,"Anglais (B2), Allemand (B1)","Marc a une solide expertise en affaires réglementaires, avec un niveau Débutant dans ce domaine. Il/elle possède également des compétences Débutant en systèmes de qualité et conformité, ainsi que des compétences Débutant en audits. Marc a une bonne maîtrise des domaines cliniques et post-marché, et dispose de compétences Intermédiaire en ingénierie et en services de représentation.","Marc a travaillé pendant 7 ans dans des entreprises telles que Durand PharmaCorp, où il/elle a dirigé plusieurs projets d'audit pharmaceutique et de conformité. Il/elle a supervisé des équipes internationales et mené à bien des audits dans des environnements réglementaires complexes. Ses missions comprenaient la coordination avec les équipes d'ingénierie et la représentation auprès des autorités de santé dans plusieurs pays.",2024-05-16,2024-08-19
96,Martin,Jean,jean.martin@mail.com,3096558630,Suisse,2025-10-27,Doctorat,"Espagnol (A2), Français (C1)","Jean a une solide expertise en affaires réglementaires, avec un niveau Avancé dans ce domaine. Il/elle possède également des compétences Débutant en systèmes de qualité et conformité, ainsi que des compétences Débutant en audits. Jean a une bonne maîtrise des domaines cliniques et post-marché, et dispose de compétences Avancé en ingénierie et en services de représentation.","Jean a travaillé pendant 2 ans dans des entreprises telles que Richard PharmaCorp, où il/elle a dirigé plusieurs projets d'audit pharmaceutique et de conformité. Il/elle a supervisé des équipes internationales et mené à bien des audits dans des environnements réglementaires complexes. Ses missions comprenaient la coordination avec les équipes d'ingénierie et la représentation auprès des autorités de santé dans plusieurs pays.",2024-06-20,2024-03-14
97,Petit,Pierre,pierre.petit@mail.com,5156337377,Belgique,2026-08-13,Doctorat,"Néerlandais (B2), Espagnol (A2)","Pierre a une solide expertise en affaires réglementaires, avec un niveau Intermédiaire dans ce domaine. Il/elle possède également des compétences Avancé en systèmes de qualité et conformité, ainsi que des compétences Débutant en audits. Pierre a une bonne maîtrise des domaines cliniques et post-marché, et dispose de compétences Intermédiaire en ingénierie et en services de représentation.","Pierre a travaillé pendant 1 ans dans des entreprises telles que Moreau PharmaCorp, où il/elle a dirigé plusieurs projets d'audit pharmaceutique et de conformité. Il/elle a supervisé des équipes internationales et mené à bien des audits dans des environnements réglementaires complexes. Ses missions comprenaient la coordination avec les équipes d'ingénierie et la représentation auprès des autorités de santé dans plusieurs pays.",2024-04-20,2024-01-23
98,Robert,Julie,julie.robert@mail.com,1071339792,France,2024-03-18,Licence,Allemand (B1),"Julie a une solide expertise en affaires réglementaires, avec un niveau Débutant dans ce domaine. Il/elle possède également des compétences Avancé en systèmes de qualité et conformité, ainsi que des compétences Intermédiaire en audits. Julie a une bonne maîtrise des domaines cliniques et post-marché, et dispose de compétences Débutant en ingénierie et en services de représentation.","Julie a travaillé pendant 7 ans dans des entreprises telles que Leroy PharmaCorp, où il/elle a dirigé plusieurs projets d'audit pharmaceutique et de conformité. Il/elle a supervisé des équipes internationales et mené à bien des audits dans des environnements réglementaires complexes. Ses missions comprenaient la coordination avec les équipes d'ingénierie et la représentation auprès des autorités de santé dans plusieurs pays.",2024-07-16,2024-04-05
99,Durand,Marie,marie.durand@mail.com,9396072147,Suisse,2025-02-02,Licence,"Allemand (B1), Anglais (B2)","Marie a une solide expertise en affaires réglementaires, avec un niveau Avancé dans ce domaine. Il/elle possède également des compétences Intermédiaire en systèmes de qualité et conformité, ainsi que des compétences Avancé en audits. Marie a une bonne maîtrise des domaines cliniques et post-marché, et dispose de compétences Avancé en ingénierie et en services de représentation.","Marie a travaillé pendant 3 ans dans des entreprises telles que Bernard PharmaCorp, où il/elle a dirigé plusieurs projets d'audit pharmaceutique et de conformité. Il/elle a supervisé des équipes internationales et mené à bien des audits dans des environnements réglementaires complexes. Ses missions comprenaient la coordination avec les équipes d'ingénierie et la représentation auprès des autorités de santé dans plusieurs pays.",2024-03-07,2024-10-13
100,Simon,Paul,paul.simon@mail.com,2144838932,Belgique,2026-01-23,Doctorat,"Néerlandais (B2), Allemand (B1), Espagnol (A2)","Paul a une solide expertise en affaires réglementaires, avec un niveau Débutant dans ce domaine. Il/elle possède également des compétences Avancé en systèmes de qualité et conformité, ainsi que des compétences Avancé en audits. Paul a une bonne maîtrise des domaines cliniques et post-marché, et dispose de compétences Débutant en ingénierie et en services de représentation.","Paul a travaillé pendant 6 ans dans des entreprises telles que Leroy PharmaCorp, où il/elle a dirigé plusieurs projets d'audit pharmaceutique et de conformité. Il/elle a supervisé des équipes internationales et mené à bien des audits dans des environnements réglementaires complexes. Ses missions comprenaient la coordination avec les équipes d'ingénierie et la représentation auprès des autorités de santé dans plusieurs pays.",2024-05-26,2024-10-20
