ID_Candidat,Nom,Prénom,Email,Téléphone,Pays,Prochaine_Disponibilité,Niveau_Education,Langues,Expériences,Compétences,Date_Ajout,Dernière_Mise_A_Jour
1,Dupont,Louise,louise.dupont@mail.com,2253934136,France,2024-02-26,Licence,Espagnol (A2),"Louise, 4 ans, qualité","Regulatory Affairs: Débutant, Quality Systems & Compliance: Intermédiaire, Audits: Intermédiaire, Clinical & Post Market: Débutant, Engineering: Avancé, Representative Services: Débutant",2024-01-12,2024-05-22
2,Leroy,Louise,louise.leroy@mail.com,8789660099,Belgique,2026-02-25,Licence,"Espagnol (A2), Anglais (B2)","Sophie, 2 ans, clinique","Regulatory Affairs: Avancé, Quality Systems & Compliance: Débutant, Audits: Débutant, Clinical & Post Market: Intermédiaire, Engineering: Intermédiaire, Representative Services: Intermédiaire",2024-03-23,2024-10-08
3,Robert,Jean,jean.robert@mail.com,1008971635,France,2024-06-06,Master,"Français (C1), Espagnol (A2), Anglais (B2)","Jacques, 5 ans, qualité","Regulatory Affairs: Intermédiaire, Quality Systems & Compliance: Intermédiaire, Audits: Débutant, Clinical & Post Market: Avancé, Engineering: Intermédiaire, Representative Services: Intermédiaire",2024-02-11,2024-05-19
4,Bernard,Paul,paul.bernard@mail.com,5253205547,Belgique,2024-10-23,Licence,"Espagnol (A2), Néerlandais (B2)","Paul, 2 ans, audit","Regulatory Affairs: Débutant, Quality Systems & Compliance: Débutant, Audits: Débutant, Clinical & Post Market: Débutant, Engineering: Débutant, Representative Services: Intermédiaire",2024-02-22,2024-07-25
5,Leroy,Jean,jean.leroy@mail.com,9060267732,France,2025-07-20,Licence,"Anglais (B2), Français (C1), Néerlandais (B2)","Jean, 5 ans, audit","Regulatory Affairs: Avancé, Quality Systems & Compliance: Avancé, Audits: Intermédiaire, Clinical & Post Market: Intermédiaire, Engineering: Avancé, Representative Services: Avancé",2024-09-06,2024-05-08
6,Robert,Pierre,pierre.robert@mail.com,7977737271,Luxembourg,2025-01-18,Master,"Néerlandais (B2), Anglais (B2), Espagnol (A2)","Julie, 8 ans, clinique","Regulatory Affairs: Débutant, Quality Systems & Compliance: Intermédiaire, Audits: Intermédiaire, Clinical & Post Market: Débutant, Engineering: Avancé, Representative Services: Débutant",2024-02-09,2024-10-23
7,Simon,Sophie,sophie.simon@mail.com,5853476189,Suisse,2024-04-25,Master,"Allemand (B1), Néerlandais (B2)","Jean, 6 ans, audit","Regulatory Affairs: Avancé, Quality Systems & Compliance: Intermédiaire, Audits: Débutant, Clinical & Post Market: Avancé, Engineering: Avancé, Representative Services: Débutant",2024-06-16,2024-10-06
8,Petit,Sophie,sophie.petit@mail.com,5707198465,Suisse,2024-06-28,Licence,Anglais (B2),"Jean, 10 ans, qualité","Regulatory Affairs: Débutant, Quality Systems & Compliance: Avancé, Audits: Avancé, Clinical & Post Market: Avancé, Engineering: Débutant, Representative Services: Avancé",2024-03-11,2024-09-01
9,Leroy,Marie,marie.leroy@mail.com,6385197321,France,2026-03-27,Doctorat,Français (C1),"Jacques, 10 ans, clinique","Regulatory Affairs: Intermédiaire, Quality Systems & Compliance: Débutant, Audits: Débutant, Clinical & Post Market: Intermédiaire, Engineering: Débutant, Representative Services: Intermédiaire",2024-07-08,2024-05-28
10,Dupont,Julie,julie.dupont@mail.com,9560178116,Luxembourg,2025-05-07,Licence,"Anglais (B2), Allemand (B1)","Marc, 1 ans, clinique","Regulatory Affairs: Intermédiaire, Quality Systems & Compliance: Intermédiaire, Audits: Débutant, Clinical & Post Market: Débutant, Engineering: Débutant, Representative Services: Intermédiaire",2024-01-06,2024-04-23
11,Bernard,Jean,jean.bernard@mail.com,5956066191,Canada,2026-09-23,Licence,Néerlandais (B2),"Marc, 7 ans, pharmaceutique","Regulatory Affairs: Débutant, Quality Systems & Compliance: Débutant, Audits: Débutant, Clinical & Post Market: Intermédiaire, Engineering: Débutant, Representative Services: Avancé",2024-07-21,2024-08-10
12,Robert,Pierre,pierre.robert@mail.com,2768811079,Suisse,2025-04-19,Licence,"Français (C1), Espagnol (A2)","Lucie, 1 ans, audit","Regulatory Affairs: Avancé, Quality Systems & Compliance: Intermédiaire, Audits: Avancé, Clinical & Post Market: Intermédiaire, Engineering: Débutant, Representative Services: Intermédiaire",2024-01-14,2024-08-11
13,Petit,Paul,paul.petit@mail.com,5914314002,Suisse,2024-06-05,Licence,"Néerlandais (B2), Allemand (B1), Anglais (B2)","Paul, 7 ans, qualité","Regulatory Affairs: Intermédiaire, Quality Systems & Compliance: Débutant, Audits: Avancé, Clinical & Post Market: Avancé, Engineering: Intermédiaire, Representative Services: Débutant",2024-02-12,2024-01-19
14,Robert,Julie,julie.robert@mail.com,1477756147,Luxembourg,2026-05-06,Licence,"Anglais (B2), Allemand (B1)","Jean, 10 ans, qualité","Regulatory Affairs: Avancé, Quality Systems & Compliance: Avancé, Audits: Débutant, Clinical & Post Market: Intermédiaire, Engineering: Intermédiaire, Representative Services: Intermédiaire",2024-08-26,2024-02-17
15,Leroy,Jean,jean.leroy@mail.com,2232166075,Suisse,2026-12-15,Doctorat,"Espagnol (A2), Néerlandais (B2)","Jacques, 3 ans, qualité","Regulatory Affairs: Avancé, Quality Systems & Compliance: Avancé, Audits: Débutant, Clinical & Post Market: Avancé, Engineering: Intermédiaire, Representative Services: Intermédiaire",2024-06-27,2024-08-14
16,Dupont,Jacques,jacques.dupont@mail.com,4617023840,France,2026-09-15,Licence,Espagnol (A2),"Jacques, 5 ans, audit","Regulatory Affairs: Débutant, Quality Systems & Compliance: Avancé, Audits: Débutant, Clinical & Post Market: Avancé, Engineering: Débutant, Representative Services: Avancé",2024-07-02,2024-07-25
17,Bernard,Pierre,pierre.bernard@mail.com,8563185073,France,2024-01-19,Doctorat,"Espagnol (A2), Anglais (B2)","Louise, 9 ans, qualité","Regulatory Affairs: Débutant, Quality Systems & Compliance: Débutant, Audits: Avancé, Clinical & Post Market: Intermédiaire, Engineering: Avancé, Representative Services: Avancé",2024-06-18,2024-03-08
18,Robert,Marie,marie.robert@mail.com,4219650754,Belgique,2025-12-14,Doctorat,Anglais (B2),"Lucie, 5 ans, qualité","Regulatory Affairs: Intermédiaire, Quality Systems & Compliance: Intermédiaire, Audits: Intermédiaire, Clinical & Post Market: Intermédiaire, Engineering: Avancé, Representative Services: Débutant",2024-07-15,2024-02-12
19,Dupont,Julie,julie.dupont@mail.com,3018070205,Canada,2024-10-25,Master,"Allemand (B1), Espagnol (A2), Anglais (B2)","Marc, 8 ans, audit","Regulatory Affairs: Avancé, Quality Systems & Compliance: Avancé, Audits: Débutant, Clinical & Post Market: Débutant, Engineering: Avancé, Representative Services: Débutant",2024-05-11,2024-04-24
20,Moreau,Paul,paul.moreau@mail.com,4153908049,Canada,2024-08-17,Master,Allemand (B1),"Sophie, 3 ans, clinique","Regulatory Affairs: Avancé, Quality Systems & Compliance: Avancé, Audits: Intermédiaire, Clinical & Post Market: Avancé, Engineering: Débutant, Representative Services: Débutant",2024-01-02,2024-09-11
21,Leroy,Lucie,lucie.leroy@mail.com,1114386555,Suisse,2024-01-07,Licence,"Allemand (B1), Espagnol (A2), Français (C1)","Marc, 8 ans, clinique","Regulatory Affairs: Avancé, Quality Systems & Compliance: Intermédiaire, Audits: Intermédiaire, Clinical & Post Market: Avancé, Engineering: Intermédiaire, Representative Services: Débutant",2024-10-17,2024-05-08
22,Simon,Marc,marc.simon@mail.com,8459756921,Suisse,2024-01-28,Licence,"Néerlandais (B2), Espagnol (A2), Allemand (B1)","Marie, 5 ans, audit","Regulatory Affairs: Avancé, Quality Systems & Compliance: Avancé, Audits: Intermédiaire, Clinical & Post Market: Avancé, Engineering: Intermédiaire, Representative Services: Débutant",2024-02-22,2024-04-14
23,Simon,Marie,marie.simon@mail.com,7123583052,France,2026-07-28,Licence,"Néerlandais (B2), Français (C1)","Marie, 1 ans, pharmaceutique","Regulatory Affairs: Débutant, Quality Systems & Compliance: Débutant, Audits: Intermédiaire, Clinical & Post Market: Avancé, Engineering: Débutant, Representative Services: Débutant",2024-08-09,2024-09-14
24,Martin,Pierre,pierre.martin@mail.com,1758370274,Belgique,2026-02-03,Master,"Français (C1), Allemand (B1), Anglais (B2)","Jacques, 7 ans, audit","Regulatory Affairs: Avancé, Quality Systems & Compliance: Avancé, Audits: Débutant, Clinical & Post Market: Intermédiaire, Engineering: Débutant, Representative Services: Intermédiaire",2024-09-23,2024-08-08
25,Martin,Paul,paul.martin@mail.com,5336029718,Canada,2024-04-01,Doctorat,"Néerlandais (B2), Allemand (B1), Espagnol (A2)","Pierre, 5 ans, audit","Regulatory Affairs: Intermédiaire, Quality Systems & Compliance: Avancé, Audits: Avancé, Clinical & Post Market: Intermédiaire, Engineering: Intermédiaire, Representative Services: Intermédiaire",2024-05-27,2024-08-25
26,Leroy,Marie,marie.leroy@mail.com,4381146545,France,2026-11-08,Licence,Néerlandais (B2),"Lucie, 6 ans, qualité","Regulatory Affairs: Avancé, Quality Systems & Compliance: Intermédiaire, Audits: Avancé, Clinical & Post Market: Débutant, Engineering: Débutant, Representative Services: Débutant",2024-04-21,2024-09-07
27,Petit,Sophie,sophie.petit@mail.com,8092289048,Belgique,2025-07-05,Master,"Anglais (B2), Allemand (B1)","Jacques, 3 ans, pharmaceutique","Regulatory Affairs: Intermédiaire, Quality Systems & Compliance: Avancé, Audits: Débutant, Clinical & Post Market: Intermédiaire, Engineering: Avancé, Representative Services: Intermédiaire",2024-04-13,2024-08-01
28,Simon,Jacques,jacques.simon@mail.com,5052258233,Belgique,2025-04-06,Master,Français (C1),"Marc, 10 ans, qualité","Regulatory Affairs: Intermédiaire, Quality Systems & Compliance: Intermédiaire, Audits: Intermédiaire, Clinical & Post Market: Intermédiaire, Engineering: Débutant, Representative Services: Intermédiaire",2024-03-09,2024-01-23
29,Leroy,Sophie,sophie.leroy@mail.com,7287909491,Luxembourg,2025-08-08,Master,"Néerlandais (B2), Espagnol (A2), Allemand (B1)","Paul, 10 ans, pharmaceutique","Regulatory Affairs: Intermédiaire, Quality Systems & Compliance: Avancé, Audits: Avancé, Clinical & Post Market: Intermédiaire, Engineering: Intermédiaire, Representative Services: Avancé",2024-04-11,2024-09-06
30,Richard,Pierre,pierre.richard@mail.com,2443770445,Belgique,2026-05-22,Master,"Néerlandais (B2), Espagnol (A2)","Lucie, 3 ans, audit","Regulatory Affairs: Intermédiaire, Quality Systems & Compliance: Avancé, Audits: Intermédiaire, Clinical & Post Market: Avancé, Engineering: Débutant, Representative Services: Avancé",2024-07-19,2024-10-10
31,Dupont,Pierre,pierre.dupont@mail.com,7524759881,Canada,2024-09-11,Licence,"Allemand (B1), Français (C1)","Louise, 1 ans, audit","Regulatory Affairs: Intermédiaire, Quality Systems & Compliance: Intermédiaire, Audits: Avancé, Clinical & Post Market: Avancé, Engineering: Intermédiaire, Representative Services: Intermédiaire",2024-07-22,2024-10-12
32,Simon,Paul,paul.simon@mail.com,1393138300,Suisse,2026-02-19,Doctorat,Néerlandais (B2),"Pierre, 5 ans, clinique","Regulatory Affairs: Intermédiaire, Quality Systems & Compliance: Avancé, Audits: Intermédiaire, Clinical & Post Market: Avancé, Engineering: Avancé, Representative Services: Avancé",2024-02-23,2024-10-16
33,Petit,Lucie,lucie.petit@mail.com,8751964299,Luxembourg,2026-11-23,Doctorat,"Français (C1), Anglais (B2), Espagnol (A2)","Lucie, 9 ans, qualité","Regulatory Affairs: Débutant, Quality Systems & Compliance: Intermédiaire, Audits: Intermédiaire, Clinical & Post Market: Intermédiaire, Engineering: Intermédiaire, Representative Services: Avancé",2024-05-25,2024-10-11
34,Martin,Julie,julie.martin@mail.com,1224106916,Luxembourg,2026-09-24,Doctorat,"Allemand (B1), Français (C1), Espagnol (A2)","Marie, 3 ans, clinique","Regulatory Affairs: Débutant, Quality Systems & Compliance: Débutant, Audits: Intermédiaire, Clinical & Post Market: Intermédiaire, Engineering: Débutant, Representative Services: Débutant",2024-09-10,2024-01-20
35,Richard,Pierre,pierre.richard@mail.com,1334223628,Suisse,2024-03-07,Master,"Anglais (B2), Espagnol (A2), Allemand (B1)","Sophie, 8 ans, qualité","Regulatory Affairs: Débutant, Quality Systems & Compliance: Intermédiaire, Audits: Débutant, Clinical & Post Market: Débutant, Engineering: Avancé, Representative Services: Débutant",2024-07-21,2024-10-16
36,Bernard,Lucie,lucie.bernard@mail.com,6666169156,Canada,2024-07-18,Licence,"Néerlandais (B2), Allemand (B1)","Jean, 3 ans, audit","Regulatory Affairs: Débutant, Quality Systems & Compliance: Débutant, Audits: Débutant, Clinical & Post Market: Débutant, Engineering: Débutant, Representative Services: Avancé",2024-07-04,2024-04-12
37,Bernard,Jacques,jacques.bernard@mail.com,2255963775,France,2025-09-20,Licence,"Allemand (B1), Espagnol (A2), Français (C1)","Lucie, 5 ans, qualité","Regulatory Affairs: Avancé, Quality Systems & Compliance: Intermédiaire, Audits: Débutant, Clinical & Post Market: Avancé, Engineering: Intermédiaire, Representative Services: Intermédiaire",2024-10-17,2024-03-24
38,Dupont,Jean,jean.dupont@mail.com,6753205043,Luxembourg,2024-09-21,Doctorat,"Anglais (B2), Espagnol (A2)","Paul, 1 ans, audit","Regulatory Affairs: Débutant, Quality Systems & Compliance: Intermédiaire, Audits: Débutant, Clinical & Post Market: Débutant, Engineering: Débutant, Representative Services: Intermédiaire",2024-01-22,2024-02-02
39,Robert,Sophie,sophie.robert@mail.com,7053266293,Belgique,2026-11-23,Master,"Espagnol (A2), Néerlandais (B2), Français (C1)","Paul, 10 ans, clinique","Regulatory Affairs: Débutant, Quality Systems & Compliance: Avancé, Audits: Débutant, Clinical & Post Market: Intermédiaire, Engineering: Intermédiaire, Representative Services: Intermédiaire",2024-01-02,2024-07-01
40,Simon,Sophie,sophie.simon@mail.com,3412070575,Luxembourg,2025-08-20,Doctorat,"Néerlandais (B2), Français (C1)","Pierre, 9 ans, qualité","Regulatory Affairs: Débutant, Quality Systems & Compliance: Avancé, Audits: Débutant, Clinical & Post Market: Intermédiaire, Engineering: Intermédiaire, Representative Services: Avancé",2024-04-14,2024-02-26
41,Petit,Lucie,lucie.petit@mail.com,6763950739,Belgique,2026-07-19,Master,"Néerlandais (B2), Espagnol (A2), Allemand (B1)","Marie, 3 ans, qualité","Regulatory Affairs: Avancé, Quality Systems & Compliance: Débutant, Audits: Débutant, Clinical & Post Market: Intermédiaire, Engineering: Débutant, Representative Services: Intermédiaire",2024-10-05,2024-08-01
42,Richard,Jean,jean.richard@mail.com,1187815570,Luxembourg,2024-08-01,Licence,"Allemand (B1), Espagnol (A2), Néerlandais (B2)","Pierre, 1 ans, clinique","Regulatory Affairs: Intermédiaire, Quality Systems & Compliance: Débutant, Audits: Intermédiaire, Clinical & Post Market: Avancé, Engineering: Débutant, Representative Services: Intermédiaire",2024-02-25,2024-07-21
43,Martin,Marie,marie.martin@mail.com,2553883140,Suisse,2025-01-27,Master,Français (C1),"Lucie, 2 ans, audit","Regulatory Affairs: Intermédiaire, Quality Systems & Compliance: Avancé, Audits: Avancé, Clinical & Post Market: Débutant, Engineering: Intermédiaire, Representative Services: Débutant",2024-04-01,2024-02-16
44,Dupont,Jacques,jacques.dupont@mail.com,1786530868,Luxembourg,2024-04-28,Doctorat,"Allemand (B1), Espagnol (A2), Néerlandais (B2)","Jacques, 1 ans, qualité","Regulatory Affairs: Débutant, Quality Systems & Compliance: Avancé, Audits: Intermédiaire, Clinical & Post Market: Intermédiaire, Engineering: Débutant, Representative Services: Avancé",2024-06-19,2024-03-02
45,Leroy,Paul,paul.leroy@mail.com,6514929947,Belgique,2026-11-27,Doctorat,Allemand (B1),"Sophie, 7 ans, clinique","Regulatory Affairs: Intermédiaire, Quality Systems & Compliance: Avancé, Audits: Avancé, Clinical & Post Market: Débutant, Engineering: Avancé, Representative Services: Intermédiaire",2024-05-07,2024-02-25
46,Leroy,Paul,paul.leroy@mail.com,6686351678,Belgique,2026-04-03,Licence,"Anglais (B2), Néerlandais (B2)","Paul, 3 ans, qualité","Regulatory Affairs: Intermédiaire, Quality Systems & Compliance: Intermédiaire, Audits: Avancé, Clinical & Post Market: Débutant, Engineering: Intermédiaire, Representative Services: Avancé",2024-04-27,2024-10-22
47,Richard,Julie,julie.richard@mail.com,5785124626,Belgique,2025-02-11,Licence,"Français (C1), Néerlandais (B2), Anglais (B2)","Marie, 4 ans, clinique","Regulatory Affairs: Avancé, Quality Systems & Compliance: Intermédiaire, Audits: Débutant, Clinical & Post Market: Avancé, Engineering: Intermédiaire, Representative Services: Débutant",2024-06-02,2024-09-24
48,Petit,Lucie,lucie.petit@mail.com,6207573877,Luxembourg,2026-12-14,Master,"Français (C1), Allemand (B1)","Paul, 10 ans, qualité","Regulatory Affairs: Avancé, Quality Systems & Compliance: Avancé, Audits: Avancé, Clinical & Post Market: Débutant, Engineering: Débutant, Representative Services: Intermédiaire",2024-02-15,2024-04-25
49,Durand,Sophie,sophie.durand@mail.com,9655958305,France,2025-03-14,Licence,"Français (C1), Néerlandais (B2), Allemand (B1)","Louise, 7 ans, qualité","Regulatory Affairs: Intermédiaire, Quality Systems & Compliance: Débutant, Audits: Intermédiaire, Clinical & Post Market: Avancé, Engineering: Débutant, Representative Services: Débutant",2024-01-20,2024-03-02
50,Bernard,Jacques,jacques.bernard@mail.com,2375524085,Luxembourg,2025-10-23,Licence,"Français (C1), Allemand (B1), Espagnol (A2)","Marie, 1 ans, audit","Regulatory Affairs: Avancé, Quality Systems & Compliance: Intermédiaire, Audits: Avancé, Clinical & Post Market: Intermédiaire, Engineering: Débutant, Representative Services: Avancé",2024-01-09,2024-06-26
51,Petit,Paul,paul.petit@mail.com,8506708561,Belgique,2025-04-11,Master,"Allemand (B1), Français (C1), Anglais (B2)","Marc, 2 ans, audit","Regulatory Affairs: Intermédiaire, Quality Systems & Compliance: Intermédiaire, Audits: Débutant, Clinical & Post Market: Intermédiaire, Engineering: Intermédiaire, Representative Services: Débutant",2024-03-06,2024-06-12
52,Richard,Julie,julie.richard@mail.com,2084711268,Luxembourg,2025-06-15,Master,"Allemand (B1), Néerlandais (B2)","Paul, 6 ans, clinique","Regulatory Affairs: Avancé, Quality Systems & Compliance: Avancé, Audits: Avancé, Clinical & Post Market: Avancé, Engineering: Débutant, Representative Services: Avancé",2024-09-08,2024-08-19
53,Petit,Sophie,sophie.petit@mail.com,1444569495,Luxembourg,2024-03-07,Doctorat,Néerlandais (B2),"Louise, 2 ans, qualité","Regulatory Affairs: Intermédiaire, Quality Systems & Compliance: Avancé, Audits: Débutant, Clinical & Post Market: Intermédiaire, Engineering: Débutant, Representative Services: Débutant",2024-02-26,2024-05-01
54,Simon,Lucie,lucie.simon@mail.com,5037058862,Belgique,2026-12-25,Licence,Français (C1),"Marie, 8 ans, pharmaceutique","Regulatory Affairs: Intermédiaire, Quality Systems & Compliance: Débutant, Audits: Avancé, Clinical & Post Market: Avancé, Engineering: Intermédiaire, Representative Services: Avancé",2024-08-08,2024-07-09
55,Durand,Marie,marie.durand@mail.com,9347303750,Suisse,2024-09-04,Doctorat,"Français (C1), Espagnol (A2), Anglais (B2)","Julie, 5 ans, qualité","Regulatory Affairs: Intermédiaire, Quality Systems & Compliance: Débutant, Audits: Avancé, Clinical & Post Market: Intermédiaire, Engineering: Avancé, Representative Services: Débutant",2024-06-26,2024-03-19
56,Moreau,Marie,marie.moreau@mail.com,4621250522,France,2024-10-11,Master,"Français (C1), Anglais (B2)","Sophie, 1 ans, clinique","Regulatory Affairs: Débutant, Quality Systems & Compliance: Débutant, Audits: Intermédiaire, Clinical & Post Market: Débutant, Engineering: Intermédiaire, Representative Services: Débutant",2024-06-20,2024-08-11
57,Bernard,Pierre,pierre.bernard@mail.com,4816168750,France,2024-07-27,Licence,Espagnol (A2),"Jacques, 2 ans, clinique","Regulatory Affairs: Avancé, Quality Systems & Compliance: Débutant, Audits: Débutant, Clinical & Post Market: Intermédiaire, Engineering: Avancé, Representative Services: Débutant",2024-02-17,2024-08-05
58,Richard,Paul,paul.richard@mail.com,3281342380,Suisse,2025-08-16,Licence,"Néerlandais (B2), Anglais (B2)","Jacques, 10 ans, audit","Regulatory Affairs: Intermédiaire, Quality Systems & Compliance: Avancé, Audits: Avancé, Clinical & Post Market: Intermédiaire, Engineering: Avancé, Representative Services: Avancé",2024-06-23,2024-01-14
59,Martin,Lucie,lucie.martin@mail.com,3836356650,Luxembourg,2024-09-17,Doctorat,Français (C1),"Paul, 8 ans, qualité","Regulatory Affairs: Avancé, Quality Systems & Compliance: Débutant, Audits: Intermédiaire, Clinical & Post Market: Avancé, Engineering: Avancé, Representative Services: Intermédiaire",2024-05-26,2024-08-06
60,Bernard,Paul,paul.bernard@mail.com,1410808104,Belgique,2025-03-14,Doctorat,Espagnol (A2),"Marc, 10 ans, audit","Regulatory Affairs: Avancé, Quality Systems & Compliance: Intermédiaire, Audits: Avancé, Clinical & Post Market: Avancé, Engineering: Avancé, Representative Services: Avancé",2024-09-18,2024-09-04
61,Robert,Julie,julie.robert@mail.com,7659420699,Luxembourg,2026-07-24,Doctorat,Espagnol (A2),"Jean, 3 ans, audit","Regulatory Affairs: Avancé, Quality Systems & Compliance: Débutant, Audits: Avancé, Clinical & Post Market: Intermédiaire, Engineering: Débutant, Representative Services: Débutant",2024-05-04,2024-09-18
62,Moreau,Lucie,lucie.moreau@mail.com,7812772315,Suisse,2025-05-04,Doctorat,"Anglais (B2), Français (C1)","Louise, 8 ans, audit","Regulatory Affairs: Intermédiaire, Quality Systems & Compliance: Avancé, Audits: Intermédiaire, Clinical & Post Market: Intermédiaire, Engineering: Avancé, Representative Services: Débutant",2024-06-25,2024-10-15
63,Moreau,Louise,louise.moreau@mail.com,3087288793,Luxembourg,2024-09-14,Doctorat,Français (C1),"Sophie, 7 ans, pharmaceutique","Regulatory Affairs: Intermédiaire, Quality Systems & Compliance: Débutant, Audits: Débutant, Clinical & Post Market: Intermédiaire, Engineering: Intermédiaire, Representative Services: Débutant",2024-02-24,2024-05-07
64,Richard,Marie,marie.richard@mail.com,6319279765,France,2025-03-28,Master,"Espagnol (A2), Français (C1)","Marc, 1 ans, pharmaceutique","Regulatory Affairs: Débutant, Quality Systems & Compliance: Avancé, Audits: Avancé, Clinical & Post Market: Débutant, Engineering: Intermédiaire, Representative Services: Intermédiaire",2024-10-12,2024-02-22
65,Bernard,Marc,marc.bernard@mail.com,9616382984,Suisse,2024-04-07,Master,"Néerlandais (B2), Espagnol (A2)","Julie, 3 ans, pharmaceutique","Regulatory Affairs: Intermédiaire, Quality Systems & Compliance: Intermédiaire, Audits: Débutant, Clinical & Post Market: Avancé, Engineering: Débutant, Representative Services: Débutant",2024-02-24,2024-07-26
66,Richard,Paul,paul.richard@mail.com,3643153757,Suisse,2026-04-01,Master,"Allemand (B1), Espagnol (A2), Français (C1)","Louise, 1 ans, clinique","Regulatory Affairs: Débutant, Quality Systems & Compliance: Intermédiaire, Audits: Intermédiaire, Clinical & Post Market: Intermédiaire, Engineering: Avancé, Representative Services: Intermédiaire",2024-07-26,2024-05-18
67,Leroy,Marie,marie.leroy@mail.com,3647042331,Suisse,2024-01-07,Doctorat,"Allemand (B1), Néerlandais (B2)","Sophie, 2 ans, pharmaceutique","Regulatory Affairs: Intermédiaire, Quality Systems & Compliance: Intermédiaire, Audits: Débutant, Clinical & Post Market: Avancé, Engineering: Avancé, Representative Services: Débutant",2024-06-23,2024-05-03
68,Bernard,Marc,marc.bernard@mail.com,1501896611,France,2025-06-03,Master,"Anglais (B2), Espagnol (A2), Allemand (B1)","Louise, 6 ans, qualité","Regulatory Affairs: Intermédiaire, Quality Systems & Compliance: Avancé, Audits: Débutant, Clinical & Post Market: Débutant, Engineering: Intermédiaire, Representative Services: Débutant",2024-10-21,2024-09-13
69,Dupont,Marc,marc.dupont@mail.com,2447683853,Canada,2026-08-20,Master,"Allemand (B1), Espagnol (A2), Néerlandais (B2)","Marc, 5 ans, clinique","Regulatory Affairs: Intermédiaire, Quality Systems & Compliance: Intermédiaire, Audits: Intermédiaire, Clinical & Post Market: Intermédiaire, Engineering: Avancé, Representative Services: Intermédiaire",2024-03-18,2024-08-25
70,Dupont,Marc,marc.dupont@mail.com,3331609170,Suisse,2025-11-18,Doctorat,"Espagnol (A2), Néerlandais (B2)","Marie, 1 ans, qualité","Regulatory Affairs: Intermédiaire, Quality Systems & Compliance: Débutant, Audits: Intermédiaire, Clinical & Post Market: Débutant, Engineering: Avancé, Representative Services: Débutant",2024-10-22,2024-10-14
71,Martin,Marie,marie.martin@mail.com,3127619750,Canada,2026-11-25,Master,"Néerlandais (B2), Allemand (B1), Français (C1)","Jacques, 2 ans, qualité","Regulatory Affairs: Avancé, Quality Systems & Compliance: Débutant, Audits: Intermédiaire, Clinical & Post Market: Avancé, Engineering: Intermédiaire, Representative Services: Avancé",2024-10-20,2024-01-28
72,Bernard,Paul,paul.bernard@mail.com,3403681105,Suisse,2025-10-07,Master,Anglais (B2),"Sophie, 4 ans, clinique","Regulatory Affairs: Débutant, Quality Systems & Compliance: Intermédiaire, Audits: Avancé, Clinical & Post Market: Avancé, Engineering: Intermédiaire, Representative Services: Avancé",2024-01-02,2024-05-07
73,Bernard,Jean,jean.bernard@mail.com,3177792466,Suisse,2026-09-10,Licence,Néerlandais (B2),"Paul, 4 ans, clinique","Regulatory Affairs: Intermédiaire, Quality Systems & Compliance: Intermédiaire, Audits: Débutant, Clinical & Post Market: Débutant, Engineering: Débutant, Representative Services: Intermédiaire",2024-08-11,2024-03-27
74,Petit,Marc,marc.petit@mail.com,3513605111,Canada,2026-11-27,Licence,"Français (C1), Néerlandais (B2)","Sophie, 4 ans, audit","Regulatory Affairs: Intermédiaire, Quality Systems & Compliance: Débutant, Audits: Intermédiaire, Clinical & Post Market: Débutant, Engineering: Intermédiaire, Representative Services: Avancé",2024-05-18,2024-09-01
75,Martin,Pierre,pierre.martin@mail.com,9196725358,Canada,2026-03-16,Master,"Allemand (B1), Français (C1)","Paul, 8 ans, clinique","Regulatory Affairs: Intermédiaire, Quality Systems & Compliance: Avancé, Audits: Avancé, Clinical & Post Market: Intermédiaire, Engineering: Débutant, Representative Services: Intermédiaire",2024-06-17,2024-02-24
76,Durand,Julie,julie.durand@mail.com,8030688171,France,2026-12-22,Doctorat,Français (C1),"Sophie, 1 ans, qualité","Regulatory Affairs: Débutant, Quality Systems & Compliance: Débutant, Audits: Intermédiaire, Clinical & Post Market: Intermédiaire, Engineering: Avancé, Representative Services: Avancé",2024-01-18,2024-09-23
77,Robert,Paul,paul.robert@mail.com,3619790621,France,2026-03-28,Master,"Espagnol (A2), Allemand (B1), Français (C1)","Sophie, 4 ans, audit","Regulatory Affairs: Avancé, Quality Systems & Compliance: Avancé, Audits: Avancé, Clinical & Post Market: Débutant, Engineering: Avancé, Representative Services: Débutant",2024-04-18,2024-07-05
78,Leroy,Pierre,pierre.leroy@mail.com,4261575238,Belgique,2024-07-28,Doctorat,Français (C1),"Jean, 5 ans, qualité","Regulatory Affairs: Intermédiaire, Quality Systems & Compliance: Intermédiaire, Audits: Intermédiaire, Clinical & Post Market: Intermédiaire, Engineering: Débutant, Representative Services: Débutant",2024-02-22,2024-07-05
79,Robert,Pierre,pierre.robert@mail.com,6875828508,Luxembourg,2025-11-25,Doctorat,Espagnol (A2),"Sophie, 6 ans, pharmaceutique","Regulatory Affairs: Intermédiaire, Quality Systems & Compliance: Intermédiaire, Audits: Débutant, Clinical & Post Market: Avancé, Engineering: Débutant, Representative Services: Intermédiaire",2024-10-16,2024-08-02
80,Durand,Louise,louise.durand@mail.com,4390061048,France,2026-02-08,Doctorat,"Français (C1), Allemand (B1), Anglais (B2)","Paul, 10 ans, pharmaceutique","Regulatory Affairs: Avancé, Quality Systems & Compliance: Intermédiaire, Audits: Débutant, Clinical & Post Market: Débutant, Engineering: Débutant, Representative Services: Avancé",2024-07-02,2024-03-27
81,Petit,Julie,julie.petit@mail.com,6715665933,Canada,2024-12-11,Master,"Allemand (B1), Français (C1)","Lucie, 10 ans, pharmaceutique","Regulatory Affairs: Débutant, Quality Systems & Compliance: Intermédiaire, Audits: Avancé, Clinical & Post Market: Débutant, Engineering: Intermédiaire, Representative Services: Débutant",2024-06-06,2024-05-03
82,Durand,Julie,julie.durand@mail.com,6088741904,Belgique,2026-02-24,Master,Français (C1),"Lucie, 5 ans, qualité","Regulatory Affairs: Intermédiaire, Quality Systems & Compliance: Avancé, Audits: Avancé, Clinical & Post Market: Avancé, Engineering: Intermédiaire, Representative Services: Débutant",2024-10-15,2024-10-23
83,Robert,Julie,julie.robert@mail.com,3738415767,Belgique,2024-04-08,Licence,"Allemand (B1), Français (C1), Néerlandais (B2)","Julie, 5 ans, audit","Regulatory Affairs: Débutant, Quality Systems & Compliance: Intermédiaire, Audits: Débutant, Clinical & Post Market: Avancé, Engineering: Intermédiaire, Representative Services: Débutant",2024-07-22,2024-08-23
84,Simon,Jean,jean.simon@mail.com,4930169276,Suisse,2025-04-10,Doctorat,"Français (C1), Allemand (B1), Néerlandais (B2)","Jacques, 8 ans, qualité","Regulatory Affairs: Intermédiaire, Quality Systems & Compliance: Avancé, Audits: Débutant, Clinical & Post Market: Avancé, Engineering: Avancé, Representative Services: Débutant",2024-10-18,2024-09-07
85,Leroy,Jacques,jacques.leroy@mail.com,9838822508,Canada,2025-09-28,Master,"Espagnol (A2), Anglais (B2)","Jean, 1 ans, pharmaceutique","Regulatory Affairs: Intermédiaire, Quality Systems & Compliance: Intermédiaire, Audits: Avancé, Clinical & Post Market: Intermédiaire, Engineering: Débutant, Representative Services: Avancé",2024-05-05,2024-06-05
86,Simon,Julie,julie.simon@mail.com,4368831493,France,2024-07-18,Doctorat,"Espagnol (A2), Anglais (B2), Allemand (B1)","Pierre, 7 ans, audit","Regulatory Affairs: Débutant, Quality Systems & Compliance: Avancé, Audits: Avancé, Clinical & Post Market: Avancé, Engineering: Intermédiaire, Representative Services: Avancé",2024-08-07,2024-02-11
87,Petit,Jean,jean.petit@mail.com,2740766331,Luxembourg,2026-03-14,Doctorat,Espagnol (A2),"Julie, 2 ans, pharmaceutique","Regulatory Affairs: Intermédiaire, Quality Systems & Compliance: Intermédiaire, Audits: Débutant, Clinical & Post Market: Intermédiaire, Engineering: Débutant, Representative Services: Intermédiaire",2024-04-01,2024-02-14
88,Richard,Marie,marie.richard@mail.com,3796791798,Canada,2025-05-08,Doctorat,"Allemand (B1), Anglais (B2)","Julie, 4 ans, audit","Regulatory Affairs: Intermédiaire, Quality Systems & Compliance: Débutant, Audits: Débutant, Clinical & Post Market: Intermédiaire, Engineering: Avancé, Representative Services: Avancé",2024-09-20,2024-04-14
89,Petit,Marie,marie.petit@mail.com,8207274920,Canada,2026-02-18,Master,Néerlandais (B2),"Lucie, 6 ans, qualité","Regulatory Affairs: Intermédiaire, Quality Systems & Compliance: Intermédiaire, Audits: Avancé, Clinical & Post Market: Avancé, Engineering: Intermédiaire, Representative Services: Débutant",2024-06-18,2024-02-14
90,Richard,Marie,marie.richard@mail.com,6462519760,Luxembourg,2026-03-21,Master,Espagnol (A2),"Sophie, 8 ans, clinique","Regulatory Affairs: Avancé, Quality Systems & Compliance: Avancé, Audits: Débutant, Clinical & Post Market: Débutant, Engineering: Débutant, Representative Services: Débutant",2024-06-01,2024-06-28
91,Moreau,Louise,louise.moreau@mail.com,9469797761,France,2024-10-26,Master,"Néerlandais (B2), Allemand (B1), Espagnol (A2)","Lucie, 6 ans, audit","Regulatory Affairs: Avancé, Quality Systems & Compliance: Intermédiaire, Audits: Intermédiaire, Clinical & Post Market: Débutant, Engineering: Débutant, Representative Services: Intermédiaire",2024-08-23,2024-10-18
92,Durand,Jacques,jacques.durand@mail.com,6698511524,Suisse,2024-10-10,Doctorat,Néerlandais (B2),"Pierre, 5 ans, qualité","Regulatory Affairs: Débutant, Quality Systems & Compliance: Avancé, Audits: Avancé, Clinical & Post Market: Intermédiaire, Engineering: Avancé, Representative Services: Débutant",2024-03-07,2024-01-21
93,Leroy,Sophie,sophie.leroy@mail.com,2109942873,Canada,2026-06-25,Licence,Français (C1),"Marie, 3 ans, pharmaceutique","Regulatory Affairs: Intermédiaire, Quality Systems & Compliance: Débutant, Audits: Débutant, Clinical & Post Market: Débutant, Engineering: Intermédiaire, Representative Services: Débutant",2024-01-21,2024-08-25
94,Simon,Jean,jean.simon@mail.com,6677751498,Luxembourg,2025-12-28,Doctorat,Anglais (B2),"Julie, 10 ans, pharmaceutique","Regulatory Affairs: Débutant, Quality Systems & Compliance: Intermédiaire, Audits: Intermédiaire, Clinical & Post Market: Intermédiaire, Engineering: Avancé, Representative Services: Avancé",2024-06-11,2024-09-07
95,Martin,Paul,paul.martin@mail.com,7160962769,Luxembourg,2025-06-08,Doctorat,"Français (C1), Allemand (B1), Anglais (B2)","Marc, 1 ans, qualité","Regulatory Affairs: Intermédiaire, Quality Systems & Compliance: Débutant, Audits: Avancé, Clinical & Post Market: Intermédiaire, Engineering: Avancé, Representative Services: Intermédiaire",2024-06-21,2024-05-11
96,Robert,Jacques,jacques.robert@mail.com,9931182548,Belgique,2026-03-04,Master,"Français (C1), Néerlandais (B2)","Jean, 4 ans, qualité","Regulatory Affairs: Avancé, Quality Systems & Compliance: Avancé, Audits: Débutant, Clinical & Post Market: Débutant, Engineering: Avancé, Representative Services: Intermédiaire",2024-04-13,2024-06-27
97,Richard,Marie,marie.richard@mail.com,9016753486,Suisse,2025-10-27,Licence,"Néerlandais (B2), Français (C1)","Julie, 9 ans, qualité","Regulatory Affairs: Avancé, Quality Systems & Compliance: Débutant, Audits: Intermédiaire, Clinical & Post Market: Intermédiaire, Engineering: Intermédiaire, Representative Services: Débutant",2024-08-13,2024-09-27
98,Petit,Jacques,jacques.petit@mail.com,5972126474,France,2024-06-09,Master,"Français (C1), Anglais (B2)","Pierre, 10 ans, audit","Regulatory Affairs: Avancé, Quality Systems & Compliance: Débutant, Audits: Débutant, Clinical & Post Market: Avancé, Engineering: Débutant, Representative Services: Intermédiaire",2024-09-02,2024-07-03
99,Richard,Marc,marc.richard@mail.com,9084461058,Canada,2024-06-07,Master,Anglais (B2),"Sophie, 7 ans, pharmaceutique","Regulatory Affairs: Débutant, Quality Systems & Compliance: Avancé, Audits: Débutant, Clinical & Post Market: Intermédiaire, Engineering: Avancé, Representative Services: Débutant",2024-02-11,2024-03-20
100,Moreau,Paul,paul.moreau@mail.com,7300532035,Canada,2025-12-27,Master,"Espagnol (A2), Anglais (B2), Néerlandais (B2)","Jean, 5 ans, clinique","Regulatory Affairs: Avancé, Quality Systems & Compliance: Débutant, Audits: Débutant, Clinical & Post Market: Débutant, Engineering: Intermédiaire, Representative Services: Avancé",2024-07-14,2024-01-28
